Industry,Search Query,Business Name,Address,Phone,Website,Scraped Email,Google Rating
Real Estate,"Real Estate Agency in Moncton, New Brunswick",Creativ Realty,"37 Archibald St, Moncton, NB E1C 5H8, Canada",(506) 381-9489,http://www.creativrealty.com/,info@creativrealty.com,4.9 (27 reviews)
Real Estate,"Real Estate Agency in Moncton, New Brunswick","Megan Jones- Moncton, New Brunswick REALTOR®","1000 St George Blvd, Moncton, NB E1E 4M7, Canada",(506) 962-6483,,,5 (10 reviews)
Real Estate,"Real Estate Agency in Moncton, New Brunswick",Jocelyne LeBlanc,"123 Halifax St Suite 600, Moncton, NB E1C 9R6, Canada",(506) 866-9693,https://www.jocelyneleblanc.com/,,5 (76 reviews)
Real Estate,"Real Estate Agency in Moncton, New Brunswick","Phil Albert - REALTOR® for Moncton, Dieppe, Riverview, Shediac, New Brunswick","640 Mountain Rd, Moncton, NB E1C 2C3, Canada",(506) 878-3948,http://philalbert.ca/,phil@philalbert.ca,5 (37 reviews)
Real Estate,"Real Estate Agency in Moncton, New Brunswick","Susan Steeves, Broker/Owner, Engel & Völkers New Brunswick","32 Alma St, Moncton, NB E1C 4Y1, Canada",(506) 962-7300,https://newbrunswick.evrealestate.com/,tara.bourgeois@engelvoelkers.com,5 (42 reviews)
Real Estate,"Real Estate Agency in Moncton, New Brunswick",Dennis Wilson - Moncton Realtor,"150 Edmonton Ave, Moncton, NB E1C 3B9, Canada",(506) 871-0223,http://denniswilsonrealty.ca/,dennis.wilson@kw.com,5 (79 reviews)
Real Estate,"Real Estate Agency in Moncton, New Brunswick",RE/MAX AVANTE,"123 Halifax St Suite 600, Moncton, NB E1C 9R6, Canada",(506) 853-7653,http://www.remax-avante.com/,,4.8 (19 reviews)
Real Estate,"Real Estate Agency in Moncton, New Brunswick",Craig Powell - Greater Moncton NB REALTOR®,"1000 St George Blvd, Moncton, NB E1E 4M7, Canada",(506) 889-0339,https://www.eastcoastcastles.ca/,craig@eastcoastcastles.ca,5 (38 reviews)
Real Estate,"Real Estate Agency in Moncton, New Brunswick",Your Moncton REALTOR - Sean Power,"100 Botsford St, Moncton, NB E1A 5V8, Canada",(506) 229-7711,http://www.seanpower.ca/,info@powerteam.ca,5 (44 reviews)
Real Estate,"Real Estate Agency in Moncton, New Brunswick",Mandeep Singh Realtor - Residential Real Estate Agent in Moncton - Royal Lepage Atlantic,"1000 St George Blvd unit 101, Moncton, NB E1E 4M7, Canada",(506) 962-6117,https://mandeepsingh.royallepage.ca/,,5 (24 reviews)
Real Estate,"Real Estate Agency in Moncton, New Brunswick",Keller Williams Capital Realty,"150 Edmonton Ave #4B, Moncton, NB E1C 3B9, Canada",(506) 383-2883,http://www.kwmoncton.ca/,,3.8 (34 reviews)
Real Estate,"Real Estate Agency in Moncton, New Brunswick",Jocelyn Clements REALTOR - RE/MAX Quality Real Estate Inc.,"640 Mountain Rd, Moncton, NB E1C 2P3, Canada",(506) 962-6269,https://jocelynclements.remaxqualityrealestate.com/,jclementsrealty@gmail.com,4.9 (45 reviews)
Real Estate,"Real Estate Agency in Moncton, New Brunswick",Royal LePage Atlantic,"1000 St George Blvd unit 101, Moncton, NB E1E 4M7, Canada",(506) 857-2100,http://royallepageatlantic.com/,,3.9 (35 reviews)
Real Estate,"Real Estate Agency in Moncton, New Brunswick",Eric Frenette - REALTOR,"150 Edmonton Ave #4B, Moncton, NB E1C 3B9, Canada",(506) 364-7653,http://www.ericfrenette.ca/,,5 (24 reviews)
Real Estate,"Real Estate Agency in Moncton, New Brunswick",Shawn Mayo - YOUR New Brunswick REALTOR,"1000 St George Blvd unit 101, Moncton, NB E1E 4M7, Canada",(506) 889-2320,https://shawnmayo.ca/,,5 (15 reviews)
Real Estate,"Real Estate Agency in Moncton, New Brunswick",Tory Hicks - Moncton REALTOR - Southeast New Brunswick,"123 Halifax St Suite 600, Moncton, NB E1C 9R6, Canada",(506) 232-4555,https://toryhicks.remax-avante.ca/,,5 (46 reviews)
Real Estate,"Real Estate Agency in Moncton, New Brunswick","Hayley Burrell, REALTOR®","123 Halifax St, Moncton, NB E1C 9R6, Canada",(506) 227-9838,https://506homeswithhayley.com/,hayley@506homeswithhayley.com,5 (44 reviews)
Real Estate,"Real Estate Agency in Moncton, New Brunswick","Danielle Johnson: Real Estate Agent, Royal Lepage Atlantic, Moncton NB","1000 St George Blvd unit 101, Moncton, NB E1E 4M7, Canada",(506) 381-6084,http://www.daniellejohnson.ca/,danielle@daniellejohnson.ca,4.9 (23 reviews)
Real Estate,"Real Estate Agency in Moncton, New Brunswick","Myriam Coper: Real Estate Agent, Royal Lepage Atlantic, Moncton NB","1000 St George Blvd, Moncton, NB E1E 2C2, Canada",(506) 588-7250,https://royallepageatlantic.com/contact-us/agent-profile/myriam-coper/15809/,,5 (31 reviews)
Real Estate,"Real Estate Agency in Fredericton, New Brunswick",The Right Choice Realty,"288 Union St, Fredericton, NB E3A 1E5, Canada",(506) 455-1980,https://therightchoicerealty.ca/?utm_source=google-gbp&utm_medium=organic&utm_campaign=gbp,info@therightchoicerealty.ca,4.9 (218 reviews)
Real Estate,"Real Estate Agency in Fredericton, New Brunswick",The Drisdelle Team - KW Capital Realty (Fredericton Real Estate),"90 Woodside Ln Unit 101, Fredericton, NB E3C 2R9, Canada",(506) 206-5649,http://www.thedrisdelleteam.com/,,5 (126 reviews)
Real Estate,"Real Estate Agency in Fredericton, New Brunswick",Rebecca Steeves Fredericton Team | REALTORS with RE/MAX Hartford Realty,"36 Cameron Ct, Fredericton, NB E3B 2R9, Canada",(506) 476-2763,https://frederictonhomes.com/,,4.9 (106 reviews)
Real Estate,"Real Estate Agency in Fredericton, New Brunswick","Alexandra Daigle, REALTOR® -The Daigle Group - Fredericton & Oromocto","249 Rookwood Ave, Fredericton, NB E3B 2M5, Canada",(506) 440-7057,https://daiglegroup.ca/,info@daiglegroup.ca,5 (97 reviews)
Real Estate,"Real Estate Agency in Fredericton, New Brunswick",EXIT Realty Advantage,"461 St Marys St, Fredericton, NB E3A 8H4, Canada",(506) 455-3948,https://exitadvantage.ca/,exit@exitadvantage.ca,4.1 (49 reviews)
Real Estate,"Real Estate Agency in Fredericton, New Brunswick",RE/MAX East Coast ELITE Realty,"283 St Marys St, Fredericton, NB E3A 2S5, Canada",(506) 452-9888,http://www.remaxfrederictonelite.ca/,,4.6 (21 reviews)
Real Estate,"Real Estate Agency in Fredericton, New Brunswick","Karen Syroid, REALTOR® - The Syroid Group of Royal LePage Atlantic","457 Bishop Dr Suite 203A, Fredericton, NB E3C 2M6, Canada",(506) 260-1880,https://syroidgroup.com/karen-syroid/,info@syroidgroup.com,5 (71 reviews)
Real Estate,"Real Estate Agency in Fredericton, New Brunswick",Jason Munn - Real Estate Agent - The Smart Move!,"283 St Marys St, Fredericton, NB E3A 2S5, Canada",(506) 260-2605,https://jasonmunnrealty.com/,,5 (21 reviews)
Real Estate,"Real Estate Agency in Fredericton, New Brunswick",Keller Williams Capital Realty,"90 Woodside Ln, Fredericton, NB E3C 2R9, Canada",(506) 459-3733,http://www.kwnb.ca/,,4.2 (31 reviews)
Real Estate,"Real Estate Agency in Fredericton, New Brunswick",Fredericton's Realtor Kevin Hollohan,"749 Prince St, Fredericton, NB E3A 3H2, Canada",(506) 447-2896,http://www.sellingfredericton.com/,kevin@506realty.ca,4.9 (109 reviews)
Real Estate,"Real Estate Agency in Fredericton, New Brunswick",The Yerxa Team Realtors,"82 Westmorland St, Frederict249 Rookwood Ave Fredericton, NB, E3B 2M5on, 82 Westmorland St, Fredericton, NB E3B 3L3, Canada",(506) 260-2420,https://yerxateam.com/,Andrew.phillips@exprealty.com,4.9 (35 reviews)
Real Estate,"Real Estate Agency in Fredericton, New Brunswick","Amy Bragdon, Bragdon Realty, EXIT Realty Advantage","1166 Lincoln Rd, Fredericton, NB E3B 0G3, Canada",(506) 476-4368,https://bragdonrealty.com/,abragdon@exitadvantage.ca,4.9 (45 reviews)
Real Estate,"Real Estate Agency in Fredericton, New Brunswick",The Professionals Real Estate Group,"457 Bishop Dr Suite 101, Fredericton, NB E3C 2M6, Canada",(506) 444-1901,http://www.workwithprofessionals.com/,,5 (68 reviews)
Real Estate,"Real Estate Agency in Fredericton, New Brunswick",Jake Black - Real Estate & Property Management,"461 St Marys St, Fredericton, NB E3A 8H4, Canada",(506) 343-1488,https://jakeblack.ca/,,4.8 (52 reviews)
Real Estate,"Real Estate Agency in Fredericton, New Brunswick",Andrew Phillips REALTOR-The Yerxa Team Fredericton,"249 Rookwood Ave, Fredericton, NB E3B 2M5, Canada",(506) 474-3547,http://www.yerxateam.com/,Andrew.phillips@exprealty.com,5 (48 reviews)
Real Estate,"Real Estate Agency in Fredericton, New Brunswick",Maling Realty Team - BGRS Certified REALTORS & CAF Veterans - eXp Realty,"249 Rookwood Ave, Fredericton, NB E3B 2M5, Canada",(506) 461-3948,http://mrtdelivers.com/,soldbyksmith@gmail.com,5 (43 reviews)
Real Estate,"Real Estate Agency in Fredericton, New Brunswick",Langdon Realty,"283 St Marys St, Fredericton, NB E3A 2S5, Canada",(506) 440-1069,https://langdonrealty.ca/,ken@langdonrealty.ca,5 (35 reviews)
Real Estate,"Real Estate Agency in Fredericton, New Brunswick",506 Realty powered by eXp Brokerage,"82 Westmorland St, Fredericton, NB E3B 3L3, Canada",(506) 471-1781,http://www.buyingfredericton.ca/,,5 (47 reviews)
Real Estate,"Real Estate Agency in Fredericton, New Brunswick","Josie Livingstone, Salesperson, Exit Realty Advantage","461 St Marys St, Fredericton, NB E3A 8H4, Canada",(506) 447-8856,http://josielivingstone.com/,josie.livingstone@gmail.com,4.9 (56 reviews)
Real Estate,"Real Estate Agency in Fredericton, New Brunswick",Richelle Plumstead- EXP Realty/Movin' Up Real Estate Ltd,"249 Rookwood Ave Suite 1, Fredericton, NB E3B 2M5, Canada",(506) 447-8061,,,4.9 (56 reviews)
Real Estate,"Real Estate Agency in Saint John, New Brunswick",Shawn Tucker Premium Real Estate - eXp Realty,"44 Marr Rd, Rothesay, NB E2E 5K8, Canada",(506) 651-1111,http://www.thepremiumcrew.com/,shawn@thepremiumcrew.com,4.8 (77 reviews)
Real Estate,"Real Estate Agency in Saint John, New Brunswick",Three Rivers Realtors - Andy Childs & Rod Martens - Saint John NB - Real Estate Agents,"175J, Hampton Rd Unit 113, Quispamsis, NB E2E 4R8, Canada",(506) 721-9577,http://www.threeriversrealty.ca/,andy@threeriversrealty.ca,5 (72 reviews)
Real Estate,"Real Estate Agency in Saint John, New Brunswick",Mike Jackson & Company - Exit Realty Specialists - Saint John Real Estate Agent,"1020 Rothesay Rd, Saint John, NB E2H 2H8, Canada",(506) 333-2077,https://www.homesbyjackson.ca/,mike@exitsj.ca,5 (32 reviews)
Real Estate,"Real Estate Agency in Saint John, New Brunswick",EXIT Realty Specialists,"1020 Rothesay Rd, Saint John, NB E2H 2H8, Canada",(506) 642-3948,https://exitrealtyspecialists.ca/,info@exitsj.ca,4.9 (10 reviews)
Real Estate,"Real Estate Agency in Saint John, New Brunswick",RE/MAX PROFESSIONALS SAINT JOHN INC,"10 King George Ct, Saint John, NB E2K 0H5, Canada",(506) 634-8200,http://www.remax-sjnb.com/,,4.3 (18 reviews)
Real Estate,"Real Estate Agency in Saint John, New Brunswick",KW Canada - McKinley & Company Real Estate,"154 Hampton Rd Ste 100, Rothesay, NB E2E 2R3, Canada",(506) 333-3332,http://www.mckinleyandcompany.ca/,meganmckinley@kw.com,5 (81 reviews)
Real Estate,"Real Estate Agency in Saint John, New Brunswick",Kim Legge & Jennifer Herrington Real Estate - eXp Realty,"53 Clark Rd Unit B, Rothesay, NB E2E 2K9, Canada",(506) 333-7475,https://kimlegge.com/,20jennifer@jenniferherrington.com,5 (37 reviews)
Real Estate,"Real Estate Agency in Saint John, New Brunswick",Royal LePage Atlantic,"71 Paradise Row, Saint John, NB E2K 3H6, Canada",(506) 658-6440,http://www.royallepageatlantic.com/,,4.1 (20 reviews)
Real Estate,"Real Estate Agency in Saint John, New Brunswick",The Snell Group Realtors,"175J Hampton Rd, Rothesay, NB E2E 4Y7, Canada",(506) 701-2633,https://thesnellgroup.ca/,dwayne@thesnellgroup.ca,5 (148 reviews)
Real Estate,"Real Estate Agency in Saint John, New Brunswick",Pam DeCourcey and Company - Re/Max,"20 Marr Rd #600, Rothesay, NB E2E 2R5, Canada",(506) 333-1000,http://www.decourceyandcompany.com/,,5 (8 reviews)
Real Estate,"Real Estate Agency in Saint John, New Brunswick",The Cormier Group - Re/Max Professionals,"20 Marr Rd, Rothesay, NB E2E 2R5, Canada",(506) 651-6292,https://cormiergroup.ca/,stef@remax-sjnb.com,5 (51 reviews)
Real Estate,"Real Estate Agency in Saint John, New Brunswick",Sutton Group Aurora Realty Ltd.,"9 Somerset St #3, Saint John, NB E2K 2X5, Canada",(506) 646-0289,http://suttonnb.ca/,info@suttonnb.ca,5 (2 reviews)
Real Estate,"Real Estate Agency in Saint John, New Brunswick",Mitchell Realty RE/MAX,"10 King George Ct, Saint John, NB E2K 0H5, Canada",(506) 636-2711,https://www.mitchellrealty.ca/,,4.9 (37 reviews)
Real Estate,"Real Estate Agency in Saint John, New Brunswick",Sheila Kirkpatrick: Real Estate Professional,"1020 Rothesay Rd, Saint John, NB E2H 2H8, Canada",(506) 333-7772,https://sheilakirkpatrick.ca/,sheila@committedtoyourgoals.com,5 (34 reviews)
Real Estate,"Real Estate Agency in Saint John, New Brunswick",Keller Williams Capital Realty,"154 Hampton Rd Suite 100, Rothesay, NB E2E 2R3, Canada",(506) 216-8000,http://www.kwsaintjohn.ca/,,4.6 (5 reviews)
Real Estate,"Real Estate Agency in Saint John, New Brunswick",Royal LePage Select Realty,"175J Hampton Rd, Quispamsis, NB E2E 4Y7, Canada",(506) 847-0522,https://royallepageselect.ca/,,4.4 (9 reviews)
Real Estate,"Real Estate Agency in Saint John, New Brunswick",Take-2 Exit Realty Specialists,"1020 Rothesay Rd, Saint John, NB E2H 2H8, Canada",(506) 645-1110,http://take-2.ca/,janice@take-2.ca,5 (16 reviews)
Real Estate,"Real Estate Agency in Saint John, New Brunswick",Justin Saulnier Real Estate - Saint John REALTOR®,"1020 Rothesay Rd, Saint John, NB E2H 2H8, Canada",(506) 647-4510,https://linktr.ee/JustinSaulnier,,5 (22 reviews)
Real Estate,"Real Estate Agency in Saint John, New Brunswick",Lister Group,"154 Hampton Rd Suite 100, Rothesay, NB E2E 2R3, Canada",(506) 654-0111,https://www.listergroup.ca/,admin@listergroup.ca,4.9 (48 reviews)
Real Estate,"Real Estate Agency in Saint John, New Brunswick",Jenn Toner Real Estate,"154 Hampton Rd Ste 100, Saint John, NB E2E 2R3, Canada",(506) 721-5349,,,5 (11 reviews)
Real Estate,"Real Estate Agency in Halifax, Nova Scotia",Halifax Real Estate For Sale: Sandra Pike,"84 Chain Lake Dr Suite 300, Halifax, NS B3S 1B4, Canada",(902) 478-8711,https://thepikegroup.ca/,sandra@sandrapike.ca,5 (145 reviews)
Real Estate,"Real Estate Agency in Halifax, Nova Scotia",Ian Angus Halifax Real Estate,"84 Chain Lake Dr Suite 300, Halifax, NS B3S 1B4, Canada",(902) 877-1661,https://www.ianangus.ca/,user@domain.com,5 (101 reviews)
Real Estate,"Real Estate Agency in Halifax, Nova Scotia",Brehannah Hopgood - Halifax Real Estate,"5546 Kaye St, Halifax, NS B3K 1Y5, Canada",(902) 880-5555,https://homesbybre.com/,,4.9 (73 reviews)
Real Estate,"Real Estate Agency in Halifax, Nova Scotia",Don Ranni – Halifax Realtor,"84 Chain Lake Dr Suite 300, Halifax, NS B3S 1B4, Canada",(902) 219-0703,https://www.owninghalifax.com/?utm_source=google&utm_medium=wix_google_business_profile&utm_campaign=3901242247649373560,example@mysite.com,5 (203 reviews)
Real Estate,"Real Estate Agency in Halifax, Nova Scotia",Margaret Craig REALTOR® | Engel & Völkers Halifax,"1901 Gottingen St Suite 2, Halifax, NS B3J 2H1, Canada",(902) 233-0227,http://margaretcraigrealtor.com/,user@domain.com,5 (114 reviews)
Real Estate,"Real Estate Agency in Halifax, Nova Scotia",Jeremy Snider - Real Estate Agent Halifax,"5880 Spring Garden Rd Suite 200, Halifax, NS B3H 1Y1, Canada",(902) 476-7079,https://realestateagenthalifax.com/?utm_source=GMB&utm_medium=organic&utm_campaign=gmb-website,jsnider@domus.ca,5 (47 reviews)
Real Estate,"Real Estate Agency in Halifax, Nova Scotia",Liz Martin | Real Estate Agent | Halifax NS,"5880 Spring Garden Rd, Halifax, NS B3H 1Y1, Canada",(902) 219-0316,http://www.lizmartin.ca/,support@myrealpage.com,5 (28 reviews)
Real Estate,"Real Estate Agency in Halifax, Nova Scotia",Selling Scotia Realty Group,"397 Bedford Hwy, Halifax, NS B3M 2C8, Canada",(902) 401-8340,,,5 (118 reviews)
Real Estate,"Real Estate Agency in Halifax, Nova Scotia",Peggy Jensen – Halifax & Dartmouth REALTOR® | Top-Rated & Trusted Real Estate Expert,"796 Main St, Dartmouth, NS B2W 2V1, Canada",(902) 478-4328,https://peggy-jensen.c21.ca/,mail-service@platform.moxiworks.com,5 (35 reviews)
Real Estate,"Real Estate Agency in Halifax, Nova Scotia","Julia Fauteux, Nova Scotia Real Estate Agent","eXp Realty, #1301, 1959 Upper Water St, Halifax, NS B3J 3N2, Canada",(902) 266-6100,http://www.myhomehalifax.com/,,5 (62 reviews)
Real Estate,"Real Estate Agency in Halifax, Nova Scotia",Taylor Shields Halifax Realtor,"32 Akerley Blvd Suite 101, Dartmouth, NS B3B 1N1, Canada",(902) 329-4221,https://www.remaxnova.com/team/realtors/taylor-shields-22059,taylor@taylorshields.ca,5 (130 reviews)
Real Estate,"Real Estate Agency in Halifax, Nova Scotia",Coldwell Banker - Maritime Realty,"1-2207 Gottingen St, Halifax, NS B3K 3B5, Canada",(902) 441-2818,http://cbmaritimerealty.com/,,5 (62 reviews)
Real Estate,"Real Estate Agency in Halifax, Nova Scotia",Joanne Pullin Realtor - Halifax Real Estate Agent,"1959 Upper Water St Suite 1301, Halifax, NS B3J 3N2, Canada",(902) 817-0050,http://joannepullin.ca/,,5 (67 reviews)
Real Estate,"Real Estate Agency in Halifax, Nova Scotia",Allie White - Halifax Real Estate Agent,"5546 Kaye St, Halifax, NS B3K 1Y5, Canada",(902) 702-5599,http://www.alliewhite.realtor/,,5 (48 reviews)
Real Estate,"Real Estate Agency in Halifax, Nova Scotia",Falkwin Group,"84 Chain Lake Dr Suite 300, Halifax, NS B3S 1B4, Canada",(902) 209-3191,http://www.falkwingroup.ca/,,5 (176 reviews)
Real Estate,"Real Estate Agency in Halifax, Nova Scotia","Alisha Caillie-Fleet- Realty in Halifax, Nova Scotia","#1301, 1959 Upper Water St, Halifax, NS B3J 3N2, Canada",(902) 489-4911,https://www.halifaxareahomesforsale.com/,bouncedemail@boomtownroi.com,5 (108 reviews)
Real Estate,"Real Estate Agency in Halifax, Nova Scotia",Red Door Realty,"1314 Cathedral Ln, Halifax, NS B3H 4S7, Canada",(902) 425-2811,http://reddoorrealty.ca/,davis@reddoorrealty.ca,4.4 (54 reviews)
Real Estate,"Real Estate Agency in Halifax, Nova Scotia",Leblanc & Associates - Halifax Real Estate Services,"84 Chain Lake Dr Suite 300, Halifax, NS B3S 1B4, Canada",(902) 830-4093,http://yourmoveinhalifax.com/,mel@melanieleblanc.ca,5 (172 reviews)
Real Estate,"Real Estate Agency in Halifax, Nova Scotia",Halifax Real Estate with Jason Shadbolt,"1550 Bedford Hwy, Bedford, NS B4A 1E6, Canada",(902) 449-9297,http://www.jasonshadbolt.com/,,5 (43 reviews)
Real Estate,"Real Estate Agency in Halifax, Nova Scotia","The Agency - James Goode, REALTOR®","5546 Kaye St, Halifax, NS B3K 1Y5, Canada",(902) 521-6240,http://www.goodehomes.ca/,user@domain.com,5 (19 reviews)
Real Estate,"Real Estate Agency in Dartmouth, Nova Scotia",Anne Butler Royal LePage Atlantic,"610 Wright Ave #102, Dartmouth, NS B3B 0H8, Canada",(902) 441-6604,,,5 (56 reviews)
Real Estate,"Real Estate Agency in Dartmouth, Nova Scotia",REMAX NOVA Dartmouth,"32 Akerley Blvd, Dartmouth, NS B3B 1N1, Canada",(902) 468-3400,http://remaxnova.com/,,4.2 (36 reviews)
Real Estate,"Real Estate Agency in Dartmouth, Nova Scotia",East Coast Realty Ltd.,"490 Montague Rd, Dartmouth, NS B2W 6C2, Canada",(902) 877-1181,https://eastcoastrealty.ca/,info@eastcoastrealty.ca,5 (21 reviews)
Real Estate,"Real Estate Agency in Dartmouth, Nova Scotia",Chantele Joordens - REALTOR ® - Dartmouth & Bedford,"100 Venture Run #107, Dartmouth, NS B3B 0H9, Canada",(902) 789-5149,https://chantelejoordens.exitmetro.ca/,,5 (65 reviews)
Real Estate,"Real Estate Agency in Dartmouth, Nova Scotia",Century 21 Trident Realty Ltd.,"796 Main St, Westphal, NS B2W 3N8, Canada",(902) 434-9090,https://century21tridentrealty.com/,TRIDENTREALTY@CENTURY21.CA,4.8 (100 reviews)
Real Estate,"Real Estate Agency in Dartmouth, Nova Scotia",Local Realty Consultants,"610 Wright Ave, Dartmouth, NS B3B 0H8, Canada",(902) 240-4222,http://www.dartmouthhomeprices.ca/,,5 (35 reviews)
Real Estate,"Real Estate Agency in Dartmouth, Nova Scotia",Mary-Lou Tallon Real Estate,"32 Akerley Blvd, Dartmouth, NS B3B 0E8, Canada",(902) 448-3791,https://www.mary-loutallon.com/,mary-lou@remaxnova.ca,5 (31 reviews)
Real Estate,"Real Estate Agency in Dartmouth, Nova Scotia",Royal LePage Atlantic,"610 Wright Ave #102, Dartmouth, NS B3B 0H8, Canada",(902) 463-5885,http://royallepageatlantic.com/,,4.4 (7 reviews)
Real Estate,"Real Estate Agency in Dartmouth, Nova Scotia",Christina Byrne - Feels Like Home Real Estate,"610 Wright Ave, Dartmouth, NS B3B 0H8, Canada",(902) 430-7959,https://www.feelslikehomens.com/,user@domain.com,5 (22 reviews)
Real Estate,"Real Estate Agency in Dartmouth, Nova Scotia",Dale Cameron Real Estate Limited,"32 Akerley Blvd, Dartmouth, NS B3B 1N1, Canada",(902) 240-0768,http://www.halifaxdartmouth.com/,,4.7 (13 reviews)
Real Estate,"Real Estate Agency in Dartmouth, Nova Scotia",Dan Ferguson Real Estate,"610 Wright Ave Unit 2, Dartmouth, NS B3B 0H8, Canada",(902) 225-5544,,,4.9 (29 reviews)
Real Estate,"Real Estate Agency in Dartmouth, Nova Scotia",EXIT Realty Metro,"100 Venture Run #107, Dartmouth, NS B3B 0H9, Canada",(902) 444-3948,http://www.exitmetro.ca/,,5 (5 reviews)
Real Estate,"Real Estate Agency in Dartmouth, Nova Scotia","Rhonda Kennedy - Halifax REALTOR, FRI","32 Akerley Blvd, Dartmouth, NS B3B 1N1, Canada",(902) 233-7653,http://www.rhondakennedy.ca/,rkennedy@remaxnova.ca,5 (44 reviews)
Real Estate,"Real Estate Agency in Dartmouth, Nova Scotia",Will Campbell - The Campbell Group - Royal LePage Atlantic,"610 Wright Ave, Dartmouth, NS B3A 0H8, Canada",(902) 266-6692,,,5 (39 reviews)
Real Estate,"Real Estate Agency in Dartmouth, Nova Scotia","Assist 2 Sell, HomeWorks Realty","Park Place, 238A Brownlow Ave II Suite 102, Dartmouth, NS B3B 2B4, Canada",(902) 446-3113,https://homeworksrealty.ca/,hrmoffice@assist2sell.com,4.7 (57 reviews)
Real Estate,"Real Estate Agency in Dartmouth, Nova Scotia","Nova Scotia Real Estate Agent Kip Walker- Realty Partners, Royal LePage Atlantic","83 Dockside Ln, Porters Lake, NS B3E 1G4, Canada",(902) 499-9555,https://www.kipwalker.net/?utm_source=GMB&utm_medium=GMB&utm_campaign=RE+click,Kip@realtypartner.ca,5 (68 reviews)
Real Estate,"Real Estate Agency in Dartmouth, Nova Scotia",Chelsea Lawlor & The Chelsea L Real Estate Team,"Unit 1B, 20 Wright Ave, Dartmouth, NS B3B 1G6, Canada",(902) 488-1653,http://www.chelsealteam.ca/,0e6a29e4756740a8a63493e912ba2174@sentry.wixpress.com,5 (46 reviews)
Real Estate,"Real Estate Agency in Dartmouth, Nova Scotia",Innovative Real Estate,"171 Portland St, Dartmouth, NS B2Y 1J2, Canada",(902) 423-5111,http://www.innovativerealestate.ca/,,4.7 (3 reviews)
Real Estate,"Real Estate Agency in Sydney, Nova Scotia",Coldwell Banker Boardwalk Realty,"208 Charlotte St, Sydney, NS B1P 1C5, Canada",(902) 539-7430,https://www.coldwellbanker.ca/agents/ca/sydney-nova-scotia/,cbignite@coldwellbanker.ca,4.8 (38 reviews)
Real Estate,"Real Estate Agency in Sydney, Nova Scotia",Michael Keating Real Estate,"208 Charlotte St, Sydney, NS B1P 5Z1, Canada",(902) 304-6455,https://www.coldwellbanker.ca/agent/michael-keating-b1p1c5/,cbignite@coldwellbanker.ca,5 (47 reviews)
Real Estate,"Real Estate Agency in Sydney, Nova Scotia",Krista Rose - Century 21,"541 Esplanade, Sydney, NS B1P 1B4, Canada",(902) 577-4016,http://www.kristarose.ca/,,4.7 (57 reviews)
Real Estate,"Real Estate Agency in Sydney, Nova Scotia",RE/MAX PARK PLACE INC,"602 George St, Sydney, NS B1P 1K9, Canada",(902) 567-9880,http://www.remaxparkplace.com/,,4.2 (21 reviews)
Real Estate,"Real Estate Agency in Sydney, Nova Scotia","Les MacLean, Keller Williams Select Realty, Associate Broker, REALTOR","20 Townsend St, Sydney, NS B1P 6V2, Canada",(902) 549-3670,,,5 (4 reviews)
Real Estate,"Real Estate Agency in Sydney, Nova Scotia",ViewPoint Realty,"1102 Kings Rd, Sydney, NS B1S 1C7, Canada",(902) 564-6600,http://www.viewpoint.ca/,,3.9 (26 reviews)
Real Estate,"Real Estate Agency in Sydney, Nova Scotia",Desneiges Campbell (Dee) REALTOR® RE/MAX Park Place,"602 George St, Sydney, NS B1P 1K9, Canada",(902) 322-1322,https://remaxparkplace.com/,,5 (6 reviews)
Real Estate,"Real Estate Agency in Sydney, Nova Scotia",Courtney Helps - Cape Breton REALTOR,"1102 Kings Rd, Sydney, NS B1S 1C7, Canada",(902) 578-5944,,,5 (25 reviews)
Real Estate,"Real Estate Agency in Sydney, Nova Scotia",Royal LePage Brennan Realty,"10 Archibald Ave, North Sydney, NS B2A 2W1, Canada",(902) 794-8566,https://www.royallepage.ca/en/ns/north-sydney/new-listings/properties/,,4.8 (4 reviews)
Real Estate,"Real Estate Agency in Sydney, Nova Scotia",VALMAC Realty Ltd.,"1105 Main St, Sydney Mines, NS B1V 2M8, Canada",(902) 794-8256,http://www.valmacrealty.com/,,4.2 (13 reviews)
Real Estate,"Real Estate Agency in Sydney, Nova Scotia",Cathy Burke Realtor RE/MAX Park Place Sydney NS,"Re/Max Park Place... #1 World Wide, 602 George St, Sydney, NS B1P 1K9, Canada",(902) 574-5591,https://cathyburke.remaxparkplaceeastcoast.ca/,,5 (1 reviews)
Real Estate,"Real Estate Agency in Sydney, Nova Scotia",Brian AuCoin - ViewPoint Realty,"1102 Kings Rd, Sydney, NS B1S 1C7, Canada",(902) 595-0022,http://www.viewpoint.ca/,,5 (1 reviews)
Real Estate,"Real Estate Agency in Sydney, Nova Scotia",Roger Burns Real Estate Ltd,"1719 Kings Rd, Sydney River, NS B1S 1G3, Canada",(902) 371-5960,http://www.rogerburnsrealty.com/,8eb368c655b84e029ed79ad7a5c1718e@sentry.wixpress.com,2.8 (8 reviews)
Real Estate,"Real Estate Agency in Sydney, Nova Scotia",Keller Williams Select Realty,"20 Townsend St, Sydney, NS B1P 6V2, Canada",(902) 780-4779,http://www.kwnovascotia.com/,info@kwnovascotia.com,3.2 (13 reviews)
Real Estate,"Real Estate Agency in Sydney, Nova Scotia",Prudential Marquis Realty,"235 Charlotte St, Sydney, NS B1P 1C4, Canada",(902) 539-8141,,,3.7 (3 reviews)
Real Estate,"Real Estate Agency in Sydney, Nova Scotia",Curry Regina Realtor Coldwell Banker,"208 Charlotte St, Sydney, NS B1P 1C5, Canada",(902) 565-9225,,,5 (1 reviews)
Real Estate,"Real Estate Agency in Sydney, Nova Scotia","Century 21 Island Gateway Realty Inc. - Homes for Sale in Cape Breton, Nova Scotia","150 Peppett St, North Sydney, NS B2A 2P6, Canada",(902) 794-0555,http://capebretonforsale.com/,,4.5 (14 reviews)
Real Estate,"Real Estate Agency in Sydney, Nova Scotia",Cape Breton Realty,"9941 Grenville St, St. Peter's, NS B0E 3B0, Canada",(877) 535-2485,http://www.capebretonrealty.com/,dutyagent@capebretonrealty.com,4.6 (10 reviews)
Real Estate,"Real Estate Agency in Sydney, Nova Scotia",Eric Young REALTOR® - 3% Realty Nova Scotia,"37 Nepean St Suite 202a, Sydney, NS B1P 6A7, Canada",(902) 371-5700,https://www.realtor.ca/a/ix5h/kb,,5 (12 reviews)
Real Estate,"Real Estate Agency in Sydney, Nova Scotia",Jennifer Kyte-Macdonald Managing Associate Broker Keller Williams Select Realty,"20 Townsend St #2, Sydney, NS B1P 6V2, Canada",(902) 565-0515,,,N/A (0 reviews)
Real Estate,"Real Estate Agency in Charlottetown, PEI",Provincial Realty,"49 Pownal St, Charlottetown, PE C1A 1C5, Canada",(902) 892-2266,https://www.provincialrealty.ca/,info@provincialrealty.ca,4.9 (15 reviews)
Real Estate,"Real Estate Agency in Charlottetown, PEI",Royal LePage Prince Edward Realty,"87 John Yeo Dr, Charlottetown, PE C1E 3J3, Canada",(902) 628-6500,http://www.royallepagepei.ca/,joanna.grant@royallepage.ca,4.9 (11 reviews)
Real Estate,"Real Estate Agency in Charlottetown, PEI",Coldwell Banker Parker Realty,"535 N River Rd, Charlottetown, PE C1E 1J6, Canada",(902) 566-4663,https://www.parkerrealty.ca/,westernoffice@parkerrealty.ca,4.6 (38 reviews)
Real Estate,"Real Estate Agency in Charlottetown, PEI",Real Estate by Mark Corney,"18 Queen St, Charlottetown, PE C1A 1A6, Canada",(902) 940-4473,http://www.markcorney.com/,me@markcorney.com,5 (53 reviews)
Real Estate,"Real Estate Agency in Charlottetown, PEI",Red-Isle Realty Inc.,"284 Grafton St, Charlottetown, PE C1A 1L7, Canada",(902) 628-6683,https://redislerealtyinc.com/,chance@redislerealtyinc.com,4.9 (17 reviews)
Real Estate,"Real Estate Agency in Charlottetown, PEI",EXIT Realty PEI,"41 Macleod Cres, Charlottetown, PE C1E 3K2, Canada",(902) 892-7653,http://exitrealtypei.com/,info@exitrealtypei.com,4.2 (29 reviews)
Real Estate,"Real Estate Agency in Charlottetown, PEI",CENTURY 21 Colonial Realty Inc.,"111 St Peters Rd, Charlottetown, PE C1A 5P1, Canada",(902) 566-2121,http://colonialrealty.c21.ca/,colonialrealty@century21.ca,4.8 (10 reviews)
Real Estate,"Real Estate Agency in Charlottetown, PEI",RE/MAX Charlottetown Realty,"268 Grafton St, Charlottetown, PE C1A 1L7, Canada",(902) 892-2000,http://www.remax-charlottetownpei.com/,office@remaxcharlottetown.com,3.6 (18 reviews)
Real Estate,"Real Estate Agency in Charlottetown, PEI",Jeff Gaudet - Coldwell Banker Parker Realty,"535 N River Rd, Charlottetown, PE C1E 1J6, Canada",(902) 330-5617,https://jeffgaudet.com/,jeff-gaudet@coldwellbanker.ca,5 (43 reviews)
Real Estate,"Real Estate Agency in Charlottetown, PEI",HomeLife P.E.I. Realty Inc,"14 Garfield St, Charlottetown, PE C1A 6A5, Canada",(902) 892-4744,https://homelifepei.ca/,,4.6 (23 reviews)
Real Estate,"Real Estate Agency in Charlottetown, PEI",Powerhouse Realty PEI Inc.,"17 Campbell Rd, Charlottetown, PE C1E 0J4, Canada",(902) 569-2542,http://powerhouserealtypei.com/,admin@powerhouserealtypei.com,4.8 (12 reviews)
Real Estate,"Real Estate Agency in Charlottetown, PEI",Elite Real Estate Advisors,"18 Queen St, Charlottetown, PE C1A 4A1, Canada",(902) 940-4473,https://www.elitepei.com/,ian@elitepei.com,5 (2 reviews)
Real Estate,"Real Estate Agency in Charlottetown, PEI",Taralynn Arsenault - KELLER WILLIAMS SELECT REALTY,"161 Maypoint Rd Suite 4, Charlottetown, PE C1E 1X5, Canada",(902) 315-2892,https://taralynnarsenault.kw.com/,,5 (21 reviews)
Real Estate,"Real Estate Agency in Charlottetown, PEI",David Cyrus MacDonald Real Estate,"268 Grafton St, Charlottetown, PE C1A 1L7, Canada",(902) 940-5455,http://www.davidcyrusmacdonald.com/,DavidCyrusMacdonald@remax.net,5 (31 reviews)
Real Estate,"Real Estate Agency in Charlottetown, PEI",Gold Key Realty,"18 Queen St, Charlottetown, PE C1A 4A1, Canada",(902) 894-4653,http://www.goldkeyrealty.ca/,lesgoldkeyrealty@pei.aibn.com,4.3 (6 reviews)
Real Estate,"Real Estate Agency in Charlottetown, PEI",Ashtyn Palmer - Palmer Real Estate Group,"161 Maypoint Rd, Charlottetown, PE C1E 1X6, Canada",(902) 432-0019,https://palmerpropertygroup.ca/,,5 (17 reviews)
Real Estate,"Real Estate Agency in Charlottetown, PEI",Angel Rodriguez - Century 21 Colonial Realty,"111 St Peters Rd, Charlottetown, PE C1A 5P1, Canada",(902) 629-0285,https://angel-rodriguez.c21.ca/,angel.rodriguez@century21.ca,5 (21 reviews)
Real Estate,"Real Estate Agency in Charlottetown, PEI",Bell Realty PEI,"76 Kent St, Charlottetown, PE C1A 1M9, Canada",(902) 629-4846,https://bellrealtypei.com/,,3.6 (8 reviews)
Real Estate,"Real Estate Agency in Charlottetown, PEI",PEI Real Estate Association,"3 Lower Malpeque Rd, Charlottetown, PE C1E 1R4, Canada",(902) 368-8451,http://www.peirea.com/,office@peirea.com,4.8 (5 reviews)
Real Estate,"Real Estate Agency in Charlottetown, PEI",Shane McGuigan- Island Homes PEI,"56 Meadowbank Rd, Cornwall, PE C0A 1H0, Canada",(902) 213-1985,http://islandhomespei.com/,,5 (11 reviews)
Real Estate,"Real Estate Agency in Summerside, PEI",Royal LePage Country Estates 1985 Ltd,"630 Water St E, Summerside, PE C1N 4H7, Canada",(902) 436-9251,https://www.royallepagepei.com/,,4.3 (11 reviews)
Real Estate,"Real Estate Agency in Summerside, PEI",Century 21Northumberland Realty Ltd,"629 Water St E, Summerside, PE C1N 4H8, Canada",(902) 436-2265,https://century21pei.com/,office@wordpress-659685-6168675.cloudwaysapps.com,4.9 (11 reviews)
Real Estate,"Real Estate Agency in Summerside, PEI",Jodi Bernard | PEI Real Estate,"629 Water St E, Summerside, PE C1N 4H8, Canada",(902) 888-7842,https://jodibernard.com/,,5 (31 reviews)
Real Estate,"Real Estate Agency in Summerside, PEI",REMAX HARBOURSIDE REALTY,"660 Water St, Summerside, PE C1N 4J1, Canada",(800) 820-3601,http://www.remaxharbourside.ca/,,4.3 (8 reviews)
Real Estate,"Real Estate Agency in Summerside, PEI",Andrew Brown - CENTURY 21 NORTHUMBERLAND REALTY,"629 Water St E, Summerside, PE C1N 4H8, Canada",(902) 324-3444,http://andrewbrownrealty.com/,andrew@century21pei.com,5 (24 reviews)
Real Estate,"Real Estate Agency in Summerside, PEI",Darcy Gallant,"660 Water St, Summerside, PE C1N 4J1, Canada",(902) 954-0581,http://darcygallant.com/,darcy@darcygallant.com,5 (12 reviews)
Real Estate,"Real Estate Agency in Summerside, PEI",Chris Weir – PEI Real Estate | Northern Lights Realty,"292 Water St Suite 208, Summerside, PE C1N 4J2, Canada",(902) 439-7275,https://www.myrealtorpei.com/,,5 (24 reviews)
Real Estate,"Real Estate Agency in Summerside, PEI",Brad Pickering-RE/MAX Harbourside,"660 Water St, Summerside, PE C1N 4J1, Canada",(902) 786-1288,https://www.remax.ca/pe/brad-pickering-p102303461-ag,Brad.Pickering@remax.net,5 (12 reviews)
Real Estate,"Real Estate Agency in Summerside, PEI",Steven Malayny - Royal LePage Country Estates- Summerside Homes,"630 Water St, Summerside, PE C1N 4H7, Canada",(902) 888-7424,http://peislandrealestate.com/,,N/A (0 reviews)
Real Estate,"Real Estate Agency in Summerside, PEI",Jennifer McKenney - REALTOR® ReMax Harbourside Realty,"660 Water St E, Summerside, PE C1N 4J1, Canada",(902) 439-9029,https://jennifer-mckenney.remaxharboursiderealty.com/,,5 (4 reviews)
Real Estate,"Real Estate Agency in Summerside, PEI",Tracy Wedge - Century 21 Northumberland Realty (1987) Ltd.,"629 Water St E, Summerside, PE C1N 4H8, Canada",(902) 856-1556,http://buyupwest.com/,tracy@century21pei.com,5 (22 reviews)
Real Estate,"Real Estate Agency in Summerside, PEI",Coldwell Banker Parker Realty,"641 Water St E, Summerside, PE C1N 4H9, Canada",(902) 436-4663,https://www.parkerrealty.ca/,westernoffice@parkerrealty.ca,4.2 (5 reviews)
Real Estate,"Real Estate Agency in Summerside, PEI",Karan Basra Royallepage,"630 Water St E, Summerside, PE C1N 4H7, Canada",(437) 990-8292,,,5 (1 reviews)
Real Estate,"Real Estate Agency in Summerside, PEI",Don Murphy,"629 Water St E, Summerside, PE C1N 4H8, Canada",(888) 701-0021,http://www.donspeihomes.com/,donm@century21pei.com,4.5 (4 reviews)
Real Estate,"Real Estate Agency in Summerside, PEI",Corey Ross Century 21,"629 Water St E, Summerside, PE C1N 4H8, Canada",(902) 315-3778,https://corey-ross.c21.ca/,COREY.ROSS@CENTURY21.CA,5 (3 reviews)
Real Estate,"Real Estate Agency in Summerside, PEI",Tina Mundy - RE/MAX Harbourside Realty Ltd,"660 Water St, Summerside, PE C1N 4J1, Canada",(902) 439-2843,https://tinamundy.com/,tinamundy@remax.net,N/A (0 reviews)
Real Estate,"Real Estate Agency in Summerside, PEI",N.C.D Property Management,"7 Linkletter Estates, Summerside, PE C1N 1E6, Canada",(902) 786-0706,http://ncdpropertymanagement.ca/,allan@ncdpropertymanagement.ca,5 (1 reviews)
Real Estate,"Real Estate Agency in Summerside, PEI",MV Property Services,"120 Gillespie Ave, Summerside, PE C1N 4P5, Canada",(902) 918-2223,https://mvpropertyservices.ca/,,4.5 (16 reviews)
Real Estate,"Real Estate Agency in Summerside, PEI",The Tides,"20 MacKenzie Dr, Summerside, PE C1N 6M6, Canada",(902) 701-4483,https://www.capreit.ca/apartments-for-rent/summerside-pe/the-tides/,hello@capreit.net,5 (4 reviews)
Real Estate,"Real Estate Agency in Summerside, PEI",Royal LePage Country Estates : Mike Charbonneau,"630 Water St, Summerside, PE C1N 4H7, Canada",(902) 436-9251,http://peirealtor.info/,,5 (2 reviews)
Real Estate,"Realtor in Moncton, NB",Justin Mattatall Keller Williams Capital Realty Moncton,"150 Edmonton Ave #4B, Moncton, NB E1C 3B9, Canada",(506) 962-3948,http://www.justinrealty.ca/,justin.m@kw.com,4.8 (25 reviews)
Real Estate,"Realtor in Moncton, NB",Mike Doiron - Exit Realty Associates,"260 Champlain St, Dieppe, NB E1A 1P3, Canada",(506) 850-7089,http://www.mikedoiron.ca/,,5 (105 reviews)
Real Estate,"Realtor in Moncton, NB",Rachel Nevers - Keller Williams Capital Realty,"150 Edmonton Ave #4B, Moncton, NB E1C 3B9, Canada",(506) 651-9969,https://rachelnevers.kw.com/,,5 (39 reviews)
Real Estate,"Realtor in Halifax, NS",PRESS Realty,"233 Bedford Hwy #10, Halifax, NS B3M 2J9, Canada",(902) 457-4000,http://www.pressrealty.ca/,info@pressrealty.ca,4.7 (35 reviews)
Real Estate,"Realtor in Halifax, NS",EVANS REAL ESTATE TEAM - Your Halifax Realtors,"6080 Young St #404, Halifax, NS B3K 5L2, Canada",(902) 449-6342,http://realestateinhalifax.ca/,,4.9 (38 reviews)
Real Estate,"Realtor in Halifax, NS",73 realty group with Royal LePage Atlantic,"Royal LePage Atlantic, 84 Chain Lake Dr Suite 300, Halifax, NS B3S 1B4, Canada",(902) 441-0106,http://73realty.ca/,user@domain.com,5 (120 reviews)
Medical / Clinic,"Medical Spa in Moncton, New Brunswick",Dalia's Medical Spa,"491 Mountain Rd, Moncton, NB E1C 2N2, Canada",(506) 899-4603,https://linktr.ee/daliamedicalspa,,5 (35 reviews)
Medical / Clinic,"Medical Spa in Moncton, New Brunswick",Sparkle Lifestyle & MediSpa,"154 Church St, Moncton, NB E1C 4Z7, Canada",(506) 871-4421,https://sparklelifestyle.ca/,info@sparklelifestyle.ca,4.9 (333 reviews)
Medical / Clinic,"Medical Spa in Moncton, New Brunswick",Bloom Health and Wellness Studio,"631 Pinewood Rd Suite 103-A, Riverview, NB E1B 5R6, Canada",(506) 854-4217,http://www.bloomhealthstudio.com/?utm_source=google&utm_medium=gmb,info@bloomhealthstudio.com,5 (75 reviews)
Medical / Clinic,"Medical Spa in Moncton, New Brunswick",Usva Spa,"774 Front Mountain Rd, Moncton, NB E1G 3H3, Canada",(506) 855-8782,http://www.usva.ca/,,4.5 (432 reviews)
Medical / Clinic,"Medical Spa in Moncton, New Brunswick",Mimi Medical Spa,"376 Champlain St, Dieppe, NB E1A 1P3, Canada",(506) 233-5548,,,5 (5 reviews)
Medical / Clinic,"Medical Spa in Moncton, New Brunswick",Medes Spa,"1040 Champlain St, Dieppe, NB E1A 8L8, Canada",(506) 853-8391,http://www.medesspa.ca/,,4.5 (49 reviews)
Medical / Clinic,"Medical Spa in Moncton, New Brunswick",Somanti Spa,"790 Dieppe Blvd suite 201, Dieppe, NB E1A 9G5, Canada",(506) 378-0065,http://www.somantispa.com/,info@somantispa.com,4.9 (246 reviews)
Medical / Clinic,"Medical Spa in Moncton, New Brunswick","The Modern Skin Company - Laser Hair Removal, Skin Care & More","3 Cross St, Moncton, NB E1A 3C3, Canada",(506) 655-3066,https://modernskin.ca/,info@modernlaser.ca,5 (22 reviews)
Medical / Clinic,"Medical Spa in Moncton, New Brunswick",Medicalux Private Care,"760 Champlain St, Dieppe, NB E1A 1P5, Canada",(506) 377-4780,http://medicalux.ca/,,4.7 (133 reviews)
Medical / Clinic,"Medical Spa in Moncton, New Brunswick",Dermapure Dieppe - (Formerly Institut Figurra),"250 Champlain St #2A, Dieppe, NB E1A 1P3, Canada",(506) 404-2592,https://www.dermapure.com/en/locations/dieppe/?utm_source=google&utm_medium=organic,infodieppe@dermapure.com,4.9 (171 reviews)
Medical / Clinic,"Medical Spa in Moncton, New Brunswick",MESO Natural,"795 Main St Suite 206, Moncton, NB E1C 1E9, Canada",(506) 860-6376,https://mesotherapymoncton.com/,,5 (6 reviews)
Medical / Clinic,"Medical Spa in Moncton, New Brunswick",skinbyKDU - Medical Aesthetics at EASTND,"110 Victoria St, Moncton, NB E1C 1P8, Canada",(506) 830-8333,https://www.skinbykdu.ca/book-here,hello@skinbykdu.com,5 (2 reviews)
Medical / Clinic,"Medical Spa in Moncton, New Brunswick",The Pink Spa Beauty,"1265 Mountain Rd, Moncton, NB E1C 0H6, Canada",(506) 962-0319,http://www.thepinkspabeauty.ca/,,N/A (0 reviews)
Medical / Clinic,"Medical Spa in Moncton, New Brunswick",Evolve Thermal Spa Moncton,"460 Mountain Rd, Moncton, NB E1C 6C6, Canada",(506) 859-4433,https://evolvemoncton.com/,info@evolvemoncton.com,4.7 (41 reviews)
Medical / Clinic,"Medical Spa in Moncton, New Brunswick",Namaste Day Spa,"31 Botsford St, Moncton, NB E1C 4W8, Canada",(506) 389-1999,http://www.namastespanb.ca/,,4.8 (301 reviews)
Medical / Clinic,"Medical Spa in Moncton, New Brunswick",Thrive Wellness Boutique,"235 Salisbury Rd, Moncton, NB E1E 1A6, Canada",N/A,https://thrivewellnessboutique.janeapp.com/?fbclid=PAZXh0bgNhZW0CMTEAAaf4gghNxPRy72QYLxtO5CBi-VhzLLUfIa59Ncx16YkutAGCZ8r3cGlybH9kmA_aem_ApcJYgzL_MPMHLXk0gbwLg#/staff_member/1/bio,info@theholisticspace.ca,5 (34 reviews)
Medical / Clinic,"Medical Spa in Moncton, New Brunswick",SAFIR Moroccan Hammam & Spa,"49 Foundry St, Moncton, NB E1C 0W7, Canada",(506) 312-0931,https://safirhammam.com/,info@safirhammam.com,5 (147 reviews)
Medical / Clinic,"Medical Spa in Moncton, New Brunswick",OPAL21 Boutique & Spa,"750 Main St, Moncton, NB E1C 0G1, Canada",(506) 204-7721,http://www.opal21.ca/,beautemoncton@gmail.com,4.9 (84 reviews)
Medical / Clinic,"Medical Spa in Moncton, New Brunswick",DermaEnvy Skincare - Moncton / Dieppe,"988 Champlain St, Dieppe, NB E1A 1P8, Canada",(506) 383-1375,https://www.dermaenvy.com/,user@domain.com,4.7 (160 reviews)
Medical / Clinic,"Medical Spa in Moncton, New Brunswick",FUSION dermal care,"132 Mill Rd, Moncton, NB E1A 4A5, Canada",(506) 381-2168,http://fusiondermal.com/,hi@mystore.com,5 (4 reviews)
Medical / Clinic,"Medical Spa in Fredericton, New Brunswick",Benefit Body Spa,"123 York St suite 100, Fredericton, NB E3B 3N6, Canada",(506) 406-2388,https://www.benefitbodyspa.com/,info@benefitbodyspa.com,5 (51 reviews)
Medical / Clinic,"Medical Spa in Fredericton, New Brunswick",The Spa 654 Club,"654 Bishop Dr, Fredericton, NB E3C 0B4, Canada",(506) 474-1772,http://www.thespa654club.com/,info@thespa654club.com,4.3 (89 reviews)
Medical / Clinic,"Medical Spa in Fredericton, New Brunswick",Vibrant Salon & Spa Fredericton,"1206 Prospect St, Fredericton, NB E3B 3C1, Canada",(506) 206-8855,https://www.vibrantsalonandspa.com/,2062d0a4929b45348643784b5cb39c36@sentry.wixpress.com,4.9 (998 reviews)
Medical / Clinic,"Medical Spa in Fredericton, New Brunswick",Contour Laser Medi Spa,"151 Brunswick St Ste A, Fredericton, NB E3B 1G7, Canada",(506) 455-4100,http://www.contourlaser.ca/,hello@contourlaser.ca,5 (56 reviews)
Medical / Clinic,"Medical Spa in Fredericton, New Brunswick",Inject and Glow,"640 Prospect St Suite 205, Fredericton, NB E3B 9M7, Canada",(506) 300-1122,https://www.injectandglow.ca/,user@domain.com,5 (7 reviews)
Medical / Clinic,"Medical Spa in Fredericton, New Brunswick",Avalon Salon Spa - North,"280 Main St, Fredericton, NB E3A 1C9, Canada",(506) 472-1772,http://www.avalonspa.com/,,4.9 (977 reviews)
Medical / Clinic,"Medical Spa in Fredericton, New Brunswick",Opulence Med Spa,"15 Brayson Blvd Suite F, Oromocto, NB E2V 0J2, Canada",(506) 208-0746,https://www.opulencemedspa.ca/,f40a036b055640d1bcedf51ca04aa73a@sentry.wixpress.com,5 (13 reviews)
Medical / Clinic,"Medical Spa in Fredericton, New Brunswick",DermaEnvy Skincare - Fredericton,"671 Prospect St Unit 102, Fredericton, NB E3B 6B8, Canada",(506) 454-7546,https://www.dermaenvy.com/,user@domain.com,5 (82 reviews)
Medical / Clinic,"Medical Spa in Fredericton, New Brunswick",Dr Andrea Hickey Medical Aesthetics,"435 Regent St Suite 104, Fredericton, NB E3B 3X6, Canada",(506) 458-0444,http://www.drandreahickey.ca/,user@domain.com,4.7 (49 reviews)
Medical / Clinic,"Medical Spa in Fredericton, New Brunswick",The Face Place Medical Aesthetics,"191 Main St, Fredericton, NB E3A 1E1, Canada",N/A,https://www.thefaceplace.ca/,,N/A (0 reviews)
Medical / Clinic,"Medical Spa in Fredericton, New Brunswick",Injectables by Amie,"1365 Woodstock Rd, Fredericton, NB E3B 7R9, Canada",(506) 261-1617,http://injectablesstudio.janeapp.com/,0a2411dd501e4441a1f4a27ebdb0b309@o4505290921410560.ingest.sentry.io,5 (4 reviews)
Medical / Clinic,"Medical Spa in Fredericton, New Brunswick",Trisha Cann Medical Inc,"249 Rookwood Ave Suite 7, Fredericton, NB E3B 2M5, Canada",(506) 471-8747,http://cannmedical.ca/,13e49d785d8d4f828038b6136f3b48ba@sentry.io,5 (9 reviews)
Medical / Clinic,"Medical Spa in Fredericton, New Brunswick",Flawless Anti-Aging and Laser Clinic,"1125 Smythe St, Fredericton, NB E3B 3H4, Canada",(506) 455-3482,http://www.flawlessclinic.ca/,,4.9 (63 reviews)
Medical / Clinic,"Medical Spa in Fredericton, New Brunswick",Avalon Salon Spa - Downtown,"318 Brunswick St, Fredericton, NB E3B 1H1, Canada",(506) 472-1772,http://avalonspa.com/,,4.9 (354 reviews)
Medical / Clinic,"Medical Spa in Fredericton, New Brunswick",RosieSKIN SALON SPA,"693 Golf Club Rd, Fredericton, NB E3B 7S5, Canada",(506) 262-5855,http://rosieskinspa.com/,rosieskin.ca@gmail.com,5 (81 reviews)
Medical / Clinic,"Medical Spa in Fredericton, New Brunswick",Surface Float Wellness Centre,"42 Durelle St #1, Fredericton, NB E3C 0G2, Canada",(506) 459-4970,https://surfacefloat.com/,hello@surfacefloat.com,4.9 (111 reviews)
Medical / Clinic,"Medical Spa in Fredericton, New Brunswick",The Wellness Zone,"66 Greenwood Dr Unit 1, Fredericton, NB E3A 3T4, Canada",(506) 450-7395,https://www.thewellnesszone.ca/,,5 (130 reviews)
Medical / Clinic,"Medical Spa in Fredericton, New Brunswick",Seoul Nail&Spa,"3136 Woodstock Rd, Fredericton, NB E3C 1K9, Canada",(506) 471-6636,https://www.seoulnailandspa.com/,,4.8 (94 reviews)
Medical / Clinic,"Medical Spa in Fredericton, New Brunswick",THE TEN SPOT,"343 Queen St unit 101a, Fredericton, NB E3B 1B1, Canada",(506) 454-1717,https://www.thetenspot.com/fredericton/,fredericton@thetenspot.com,4.7 (238 reviews)
Medical / Clinic,"Medical Spa in Fredericton, New Brunswick",La Belle Medical Aesthetic Clinic,"208 Hampton Rd #1B, Quispamsis, NB E2E 4L8, Canada",(506) 849-0271,https://www.labellemedicalclinic.com/,Labellemedclinic@gmail.com,5 (90 reviews)
Medical / Clinic,"Medical Spa in Halifax, Nova Scotia",Vitality Medi Spa - Downtown,"5424 Doyle St, Halifax, NS B3J 0G3, Canada",(902) 422-4475,https://vitalitymedispa.ca/,,4.7 (589 reviews)
Medical / Clinic,"Medical Spa in Halifax, Nova Scotia",Monarchy Medispa Halifax,"480 Parkland Dr, Halifax, NS B3S 1P9, Canada",(902) 457-0525,http://www.monarchymedispa.com/?utm_source=google&utm_medium=wix_google_business_profile&utm_campaign=8436376266126156181,98b21aa53d68482b8414e892d9af0e5f@sentry-next.wixpress.com,5 (179 reviews)
Medical / Clinic,"Medical Spa in Halifax, Nova Scotia",Vitality Medi Spa - North,"2780 King St, Halifax, NS B3K 1T8, Canada",(902) 457-3267,https://vitalitymedispa.ca/,,4.8 (80 reviews)
Medical / Clinic,"Medical Spa in Halifax, Nova Scotia",The Highlander Med Spa & Salon,"1597 South Park St, Halifax, NS B3J 0J1, Canada",(902) 429-3022,http://www.thehighlanderspa.com/,user@domain.com,4.8 (576 reviews)
Medical / Clinic,"Medical Spa in Halifax, Nova Scotia",Vitality Medi Spa - Bedford,"1658 Bedford Hwy, Bedford, NS B4A 2B6, Canada",(902) 835-5976,https://vitalitymedispa.ca/,,4.6 (338 reviews)
Medical / Clinic,"Medical Spa in Halifax, Nova Scotia",Body Works Med Spa & Wellness,"Box 030, 1535 Dresden Row #206, Halifax, NS B3J 3T1, Canada",(902) 405-0858,http://www.bodyworksmedspa.ca/,,4.6 (45 reviews)
Medical / Clinic,"Medical Spa in Halifax, Nova Scotia",Modern Age Aesthetics And Wellness,"1078 Tower Rd 5th Floor, Halifax, NS B3H 2Y5, Canada",(902) 402-9925,https://www.modernage.ca/,1eeb89147c984dc6bc3ffafd9e6cd089@sentry.wixpress.com,5 (32 reviews)
Medical / Clinic,"Medical Spa in Halifax, Nova Scotia",NuYou MedSpa + Laser Clinic,"28 Esquire Ln, Bedford, NS B4A 0K1, Canada",(902) 422-7327,https://www.nuyoumedispa.ca/,8eb368c655b84e029ed79ad7a5c1718e@sentry.wixpress.com,4.9 (129 reviews)
Medical / Clinic,"Medical Spa in Halifax, Nova Scotia",Le Verve MediSpa,"79 Sea Spray Dr, Eastern Passage, NS B3G 1S5, Canada",(902) 410-9449,https://leverve.ca/,,4.9 (46 reviews)
Medical / Clinic,"Medical Spa in Halifax, Nova Scotia",Haven Medi-Spa,"192 Rockcliffe Dr, Enfield, NS B2T 0G7, Canada",(902) 982-6334,https://www.havenmedispa.com/,8eb368c655b84e029ed79ad7a5c1718e@sentry.wixpress.com,5 (62 reviews)
Medical / Clinic,"Medical Spa in Halifax, Nova Scotia",Aurora Medical Aesthetics,"6012 Pepperell St, Halifax, NS B3H 0C3, Canada",(902) 406-4040,http://www.auroracosmetic.ca/,info@auroracosmetic.ca,4.8 (171 reviews)
Medical / Clinic,"Medical Spa in Halifax, Nova Scotia",DerMedical Esthetics Inc,"Millstone Square Floor 2, Door C, 250 Baker Dr suite 223, Dartmouth, NS B2W 6L4, Canada",(902) 435-8614,http://dermedicalesthetics.ca/,,4.9 (138 reviews)
Medical / Clinic,"Medical Spa in Halifax, Nova Scotia",The Wine Spa,"1447 Hollis St, Halifax, NS B3J 1V1, Canada",(902) 414-7887,http://thewinespa.ca/,8eb368c655b84e029ed79ad7a5c1718e@sentry.wixpress.com,4.8 (112 reviews)
Medical / Clinic,"Medical Spa in Halifax, Nova Scotia",Luma Clinic,"6088 Coburg Rd, Halifax, NS B3H 1Z4, Canada",(902) 425-2956,http://luma.clinic/,u003emark@luma.clinic,4.9 (43 reviews)
Medical / Clinic,"Medical Spa in Halifax, Nova Scotia",Magnolia Medical Aesthetics,"6110 Lawrence St, Halifax, NS B3L 1J6, Canada",(902) 700-1889,https://leenpmedicalaesthetics.janeapp.com/,lee@marawolfville.ca,5 (17 reviews)
Medical / Clinic,"Medical Spa in Halifax, Nova Scotia",Gentle Touch Spa & Laser Centre,"Park Lane Mall, 5657 Spring Garden Rd, Halifax, NS B3J 1G9, Canada",(902) 429-6611,http://www.gentletouchonline.com/,,4.8 (203 reviews)
Medical / Clinic,"Medical Spa in Halifax, Nova Scotia",Interlude Spa Halifax,"Queen's Marque, 1715 Lower Water St Suite 150, Halifax, NS B3J 0J4, Canada",(902) 469-2700,https://interlude.com/,,4.6 (242 reviews)
Medical / Clinic,"Medical Spa in Halifax, Nova Scotia","Sincerely, Skin Skincare & Laser Boutique","2962 Oxford St #1, Halifax, NS B3L 2W4, Canada",(902) 407-9455,https://www.sincerelyskinhfx.ca/,user@domain.com,4.9 (158 reviews)
Medical / Clinic,"Medical Spa in Halifax, Nova Scotia",This Is Sundays - Medical Aesthetics Clinic | Downtown Halifax,"1435 Hollis St, Halifax, NS B3J 1V1, Canada",(902) 200-5274,https://sundaysinc.com/,,5 (23 reviews)
Medical / Clinic,"Medical Spa in Halifax, Nova Scotia",The Highlander Spa Bedford,"827 Bedford Hwy #103, Bedford, NS B4A 0J1, Canada",(902) 429-3022,https://thehighlanderspa.com/,user@domain.com,5 (15 reviews)
Medical / Clinic,"Medical Spa in Dartmouth, Nova Scotia",Nature Folk Wellness Collective,"90 Alderney Drive Lower level, Back/Harbour Side, 90 Alderney Dr, Dartmouth, NS B2Y 4S8, Canada",(902) 469-0274,http://naturefolk.ca/,user@domain.com,4.5 (255 reviews)
Medical / Clinic,"Medical Spa in Dartmouth, Nova Scotia",The Skin Sanctum,"300 Prince Albert Rd #202E, Dartmouth, NS B2Y 4J2, Canada",(778) 385-9064,https://www.theskinsanctum.ca/,user@domain.com,5 (40 reviews)
Medical / Clinic,"Medical Spa in Dartmouth, Nova Scotia",PASTEL skin clinic Dartmouth,"31 Kings Wharf Pl #105, Dartmouth, NS B2Y 0C1, Canada",(782) 321-3777,http://www.pastelskin.ca/,Pastelskinclinic@gmail.com,4.9 (45 reviews)
Medical / Clinic,"Medical Spa in Dartmouth, Nova Scotia",DermaEnvy Skincare - Dartmouth,"50 Tacoma Dr Unit 18A, Dartmouth, NS B2W 3E6, Canada",(902) 469-3376,https://www.dermaenvy.com/,user@domain.com,4.9 (125 reviews)
Medical / Clinic,"Medical Spa in Dartmouth, Nova Scotia",Vera Skin and Laser Studio,"31 Valleyfield Rd, Dartmouth, NS B2W 1N4, Canada",(647) 222-3804,,,5 (19 reviews)
Medical / Clinic,"Medical Spa in Dartmouth, Nova Scotia",Gentle Touch Spa & Laser,"156 Hector Gate, Dartmouth, NS B3B 0E6, Canada",(902) 429-6611,https://www.gentletouchonline.com/,,4.8 (142 reviews)
Medical / Clinic,"Medical Spa in Dartmouth, Nova Scotia",Spa Solutions,"657 Portland St, Dartmouth, NS B2W 2M9, Canada",(902) 469-4772,http://www.spa-solutions.ca/,,4.8 (80 reviews)
Medical / Clinic,"Medical Spa in Dartmouth, Nova Scotia",Skin Simple,"300 Prince Albert Rd Suites 212-213, Dartmouth, NS B2Y 4J2, Canada",(902) 476-2553,https://www.skinsimple.ca/,,5 (16 reviews)
Medical / Clinic,"Medical Spa in Dartmouth, Nova Scotia",Interlude Spa Dartmouth,"58 Ochterloney St, Dartmouth, NS B2Y 1C2, Canada",(902) 469-2700,https://interlude.com/,,4.6 (310 reviews)
Medical / Clinic,"Medical Spa in Dartmouth, Nova Scotia",SENSEA Nordic Spa,"40 Sensëa Rd, Chester, NS B0J 1J0, Canada",(902) 536-1865,http://www.sensea.ca/,example@mysite.com,4.4 (1735 reviews)
Medical / Clinic,"Medical Spa in Dartmouth, Nova Scotia",Life SalonSpa Dartmouth,"99 Hector Gate, Dartmouth, NS B3B 0B8, Canada",(902) 423-7771,http://www.lifesalonspa.com/,bedford@lifesalonspa.com,4.8 (765 reviews)
Medical / Clinic,"Medical Spa in Dartmouth, Nova Scotia",Lakehouse Salon & Wellness Centre,"300 Prince Albert Rd, Dartmouth, NS B2Y 4J2, Canada",(902) 444-3044,https://www.lakehousesalon.com/,user@domain.com,4.7 (32 reviews)
Medical / Clinic,"Medical Spa in Dartmouth, Nova Scotia",Avalon Medical Spa,"77 Wolcott Ave, Dartmouth, MA 02747, USA",(774) 202-7049,http://avalonmedicalspa.net/,,4.9 (74 reviews)
Medical / Clinic,"Medical Spa in Charlottetown, PEI",Cocoon Wellness Spa,"18 Queen St, Charlottetown, PE C1A 4A1, Canada",(902) 569-2256,http://www.thecocoon.ca/,thecocoonspa@gmail.com,4.9 (389 reviews)
Medical / Clinic,"Medical Spa in Charlottetown, PEI",Winning Medical Spa,"393 University Ave, Kirkwood Dr Unit 12, Charlottetown, PE C1A 4N4, Canada",(902) 394-4780,,,4.7 (13 reviews)
Medical / Clinic,"Medical Spa in Charlottetown, PEI","Elle Medi Spa-Dr. Charles Duffy MD, (EM)","57 Water St, Charlottetown, PE C1A 1A3, Canada",(902) 394-2622,http://www.ellespa.co/,8eb368c655b84e029ed79ad7a5c1718e@sentry.wixpress.com,5 (6 reviews)
Medical / Clinic,"Medical Spa in Charlottetown, PEI",Bombshell Aesthetic Lounge,"41 Bambrick Dr, Charlottetown, PE C1C 0T9, Canada",(902) 316-0100,https://bombshellaestheticlounge.com/,,4.9 (390 reviews)
Medical / Clinic,"Medical Spa in Charlottetown, PEI",Lumina Medical Aesthetics | PE,"Atlantic Superstore, 465 University Ave 2nd Floor, Charlottetown, PE C1A 4N8, Canada",(902) 894-3629,https://luminamedicalaesthetics.ca/,8eb368c655b84e029ed79ad7a5c1718e@sentry.wixpress.com,5 (9 reviews)
Medical / Clinic,"Medical Spa in Charlottetown, PEI",Refresh Medical Aesthetics,"129 Kent St Level 2, Suite 206, Charlottetown, PE C1A 1N4, Canada",(902) 940-0313,https://square.site/book/5YEKKQA23712A/refresh-medical-aesthetics-charlottetown-pe,refreshpei@gmail.com,5 (8 reviews)
Medical / Clinic,"Medical Spa in Charlottetown, PEI",DermaEnvy Skincare - Charlottetown,"39 Eden St, Charlottetown, PE C1A 2S2, Canada",(902) 894-7546,https://www.dermaenvy.com/,user@domain.com,4.9 (156 reviews)
Medical / Clinic,"Medical Spa in Charlottetown, PEI",Beauty Mark Medaesthetics,"10 Pownal St, Charlottetown, PE C1A 3V6, Canada",(902) 566-3000,http://www.beautymarkmedaesthetics.com/,info@beautymarkmedaesthetics.com,5 (75 reviews)
Medical / Clinic,"Medical Spa in Charlottetown, PEI",iBeautiful,"152 Belvedere Ave, Charlottetown, PE C1A 2Z1, Canada",(902) 218-2535,https://ibeautiful.mysalononline.com/,,4.9 (63 reviews)
Medical / Clinic,"Medical Spa in Charlottetown, PEI",Laser Esthetics Botox & Medi Spa,"33 Riverside Dr, Charlottetown, PE C1A 9R9, Canada",(902) 894-5443,http://www.laseresthetics.ca/,laseresthetics@outlook.com,4.5 (8 reviews)
Medical / Clinic,"Medical Spa in Charlottetown, PEI",Grand Senses,"123 Grafton St, Charlottetown, PE C1A 1K9, Canada",(902) 894-8332,http://www.grandsensesspa.com/,,4.5 (104 reviews)
Medical / Clinic,"Medical Spa in Charlottetown, PEI",Pearl Nails Sauna & Steambath,"187 Queen St, Charlottetown, PE C1A 4B4, Canada",(902) 208-1888,http://www.pearlsauna.ca/,hlholdingltd@gmail.com,4.9 (157 reviews)
Medical / Clinic,"Medical Spa in Charlottetown, PEI",OOAK Wellness formerly Luxe Beauty Bar,"79 Grafton St, Charlottetown, PE C1A 1K8, Canada",(902) 954-0005,http://www.ooakwellness.ca/,,4.9 (69 reviews)
Medical / Clinic,"Medical Spa in Charlottetown, PEI",Divine Haven Relaxation Spa,"155 Belvedere Ave, Sherwood, PE C1A 2Y7, Canada",(902) 394-4574,http://divinehavenspa.com/,88170cb0c9d64f94b5821ca7fd2d55a4@sentry-next.wixpress.com,4.9 (45 reviews)
Medical / Clinic,"Medical Spa in Charlottetown, PEI",Pure Spa,"4 Prince St, Charlottetown, PE C1A 4P5, Canada",(902) 894-9642,http://www.purespapei.com/,,4.6 (98 reviews)
Medical / Clinic,"Medical Spa in Charlottetown, PEI",THE TEN SPOT,"43 Queen St suite #102, Charlottetown, PE C1A 4A4, Canada",(902) 370-2550,https://www.thetenspot.com/charlottetown/,charlottetown@thetenspot.com,4.8 (427 reviews)
Medical / Clinic,"Medical Spa in Charlottetown, PEI",DM to Wellness,"500 Queen St Suite 207, Charlottetown, PE C1A 8K9, Canada",(902) 393-9802,,,5 (2 reviews)
Medical / Clinic,"Medical Spa in Charlottetown, PEI",Renew You PEI,"260 Grafton St, Charlottetown, PE C1A 1L5, Canada",(902) 370-6772,http://www.renewyoupei.com/,info@renewyoupei.com,4.6 (52 reviews)
Medical / Clinic,"Medical Spa in Charlottetown, PEI",Kelly LeBlanc Esthetics,"14 Kinlock Rd #7A, Stratford, PE C1B 0A2, Canada",N/A,http://glowbykelly.my.canva.site/,Skinsupport@glowbykelly.com,5 (42 reviews)
Medical / Clinic,"Medical Spa in Charlottetown, PEI",Mysa Nordic Spa & Resort,"1668 Greenwich Rd, St Peter's Bay, PE C0A 2A0, Canada",(902) 739-2112,https://mysanordicspa.com/,agm@mysanordicspa.com,4.7 (221 reviews)
Medical / Clinic,"Laser Clinic in Moncton, NB",LaserPro Aesthetics,"236 St. George St #106, Moncton, NB E1C 1W1, Canada",(506) 340-4247,https://www.laserproaesthetics.com/,,4.9 (57 reviews)
Medical / Clinic,"Laser Clinic in Moncton, NB",Laser Looks,"30 Gordon St, Moncton, NB E1C 1L8, Canada",(506) 855-5665,https://www.laserlooks.net/en/,,4.7 (46 reviews)
Medical / Clinic,"Laser Clinic in Moncton, NB",SILK laser & beauty lounge,"352 McLaughlin Dr, Moncton, NB E1A 6C2, Canada",(506) 588-0394,http://www.silklaserlounge.com/,silklaserloungeinc@gmail.com,4.9 (30 reviews)
Medical / Clinic,"Laser Clinic in Moncton, NB",SkinEnhance Hair and Skin Medical Aesthetic Laser Centre,"1612 Mountain Rd, Moncton, NB E1G 1A4, Canada",(506) 688-6718,,,5 (4 reviews)
Medical / Clinic,"Laser Clinic in Moncton, NB",Imagine Laserworks Moncton,"976 Champlain St suite #102, Dieppe, NB E1A 1P8, Canada",(506) 855-2222,https://imaginelw.com/,,4.5 (37 reviews)
Medical / Clinic,"Laser Clinic in Moncton, NB",LaZer iZ Essential,"1201 Mountain Rd, Moncton, NB E1C 2T4, Canada",(506) 204-8604,http://lazeriz.com/,,4.3 (31 reviews)
Medical / Clinic,"Laser Clinic in Moncton, NB",TLC Laser Eye Centres,"30 Englehart St Suite F, Dieppe, NB E1A 8H3, Canada",(506) 227-6248,https://www.tlcvision.ca/locations/moncton,,5 (211 reviews)
Medical / Clinic,"Laser Clinic in Moncton, NB",Sheer Medical Laser Inc,"378 Coverdale Rd, Riverview, NB E1B 3J6, Canada",(506) 962-1313,http://www.sheermedicallaser.com/,info@sheermedicallaser.com,5 (1 reviews)
Medical / Clinic,"Laser Clinic in Moncton, NB",Allura Clinic,"200 Champlain St #270, Dieppe, NB E1A 1P1, Canada",(506) 853-5154,https://alluraclinics.ca/,info@alluraclinics.ca,4.1 (35 reviews)
Medical / Clinic,"Laser Clinic in Moncton, NB",The Laser Lounge Inc,"331 Elmwood Dr, Moncton, NB E1A 7Y1, Canada",(506) 380-3206,,,5 (7 reviews)
Medical / Clinic,"Laser Clinic in Moncton, NB",LASIK MD,"30 Englehart St, Dieppe, NB E1A 8H3, Canada",(506) 855-2221,https://www.lasikmd.com/clinics/moncton,,4.9 (627 reviews)
Medical / Clinic,"Laser Clinic in Moncton, NB",Krystel MediSpa & Salon,"185 Acadie Ave Suite 103, Dieppe, NB E1A 1G6, Canada",(506) 777-2888,,,5 (114 reviews)
Medical / Clinic,"Laser Clinic in Moncton, NB",Atlantic Beauty,"171 Lutz St unit 002, Moncton, NB E1C 5E8, Canada",(506) 425-1003,http://www.atlantic-beauty.ca/,info@atlantic-beauty.ca,4.8 (14 reviews)
Medical / Clinic,"Laser Clinic in Halifax, NS",Bloom Laser Clinic,"3660 Commission St, Halifax, NS B3K 0A5, Canada",(902) 488-7764,https://bloomlaserclinic.com/,,4.6 (121 reviews)
Medical / Clinic,"Laser Clinic in Halifax, NS",DermaEnvy Skincare - Halifax,"201 Chain Lake Dr Unit 5, Halifax, NS B3S 1C8, Canada",(902) 445-3304,https://www.dermaenvy.com/,user@domain.com,4.8 (476 reviews)
Medical / Clinic,"Laser Clinic in Halifax, NS",Valery Laser Studio,"3647 Dutch Village Rd, Halifax, NS B3N 2T1, Canada",(902) 717-9343,https://www.valerylaserstudio.com/,98b21aa53d68482b8414e892d9af0e5f@sentry-next.wixpress.com,5 (63 reviews)
Medical / Clinic,"Laser Clinic in Halifax, NS",Total Body Laser Clinic,"650 Washmill Lake Dr, Halifax, NS B3S 0H8, Canada",(902) 407-7223,,,4 (20 reviews)
Medical / Clinic,"Laser Clinic in Halifax, NS",Cresthaven Laser Inc,"8 Eagle Ln, Bedford, NS B4A 2J5, Canada",(902) 440-4478,http://www.cresthavenlaser.ca/,,5 (3 reviews)
Medical / Clinic,"Laser Clinic in Halifax, NS",Julia's Electrolysis & Laser,"7 Lodge Dr, Halifax, NS B3M 2G6, Canada",(902) 877-8250,http://www.juliaselectrolysis.com/,,4.9 (36 reviews)
Medical / Clinic,"Laser Clinic in Halifax, NS",Innana Laser Clinic,"23 Crownridge Dr, Bedford, NS B4B 0X4, Canada",(416) 844-9077,http://www.innanalaserclinic.ca/,,4.3 (43 reviews)
Medical / Clinic,"Laser Clinic in Halifax, NS",Illume Skin and Laser,"15 Alderney Dr, Dartmouth, NS B2Y 2N2, Canada",(902) 802-4985,https://illumeskinandlaser.setmore.com/,,5 (18 reviews)
Medical / Clinic,"Laser Clinic in Halifax, NS",Bedford Skin Clinic,"1083 Bedford Hwy Suite 201, Bedford, NS B4A 1B7, Canada",(902) 876-8994,https://www.bedfordskinclinic.ca/,,4.7 (83 reviews)
Medical / Clinic,"Laser Clinic in Halifax, NS",Sunswirl Laser and Esthetics,"644 Portland St Unit 13A, Dartmouth, NS B2W 2M3, Canada",(902) 706-4971,https://www.sunswirl.ca/,,4.8 (345 reviews)
Medical / Clinic,"Laser Clinic in Halifax, NS",Tantallon Laser Clinic,"14 Old School Rd, Upper Tantallon, NS B3Z 2J6, Canada",(902) 579-9403,https://tantallonlaserclinic.ca/,tantallonlaser@gmail.com,5 (4 reviews)
Medical / Clinic,"Laser Clinic in Halifax, NS",PRANA Skincare Clinic,"1595 Bedford Highway (iBrow Suite, 112 Sunnyside Mall, Bedford, NS B4A 3Y4, Canada",(902) 406-9526,http://www.pranaspa.ca/,info@pranaspa.ca,4.9 (133 reviews)
Medical / Clinic,Aesthetic Clinic in New Brunswick,St. Andrews Medical Aesthetics,"3 Prince of Wales St, St. Andrews, NB E5B 3W9, Canada",(506) 406-6761,https://stamaclinic.com/,astigma@astigmatic.com,5 (1 reviews)
Medical / Clinic,Aesthetic Clinic in New Brunswick,Glo Skin Care Quispamsis,"15 Pettingill Rd Suite #160, Quispamsis, NB E2E 6B1, Canada",(506) 849-0933,https://gloquispamsis.ca/,,5 (42 reviews)
Medical / Clinic,Aesthetic Clinic in New Brunswick,Luminous Aesthetic,"330 Livingston Ave suit 232, New Brunswick, NJ 08901, USA",(732) 543-0024,http://www.luminousam.com/,info@luminousam.com,5 (23 reviews)
Medical / Clinic,Aesthetic Clinic in New Brunswick,April MacKenzie Aesthetics,"42 Marr Rd, Rothesay, NB E2E 3K6, Canada",(506) 566-3075,https://www.fresha.com/book-now/gone-v11drs0e/services?lid=214405&eid=636416&pId=200171,,5 (6 reviews)
Medical / Clinic,Aesthetic Clinic in New Brunswick,Dr Sania Dorey Aesthetic Clinic,"711-A Millidge Ave, Saint John, NB E2K 2N7, Canada",(506) 978-1177,http://www.drdoreycosmetic.com/,54b4aac306184111a223c0f4aea635c3@sentry.wixpress.com,5 (8 reviews)
Medical / Clinic,Aesthetic Clinic in New Brunswick,Milan Medical Aesthetics Clinic,"170 Hampton Rd, Quispamsis, NB E2E 4J8, Canada",(506) 721-0205,,,4.4 (5 reviews)
Medical / Clinic,Aesthetic Clinic in New Brunswick,Dr.SashAesthetics,"at Diamond Beach Lifestyle Spa, 301 Main St, Shediac, NB E4P 2W2, Canada",(506) 588-1794,https://www.drsashaesthetics.ca/,,5 (9 reviews)
Medical / Clinic,Aesthetic Clinic in New Brunswick,BK Luxe Medical Aesthetics,"65 Henry St, Miramichi, NB E1V 2N4, Canada",(506) 773-0119,http://www.luxemedicalaesthetics.ca/,user@domain.com,5 (70 reviews)
Medical / Clinic,Aesthetic Clinic in New Brunswick,Rothesay Laser Clinic & The Spa,"121 Hampton Rd, Rothesay, NB E2E 2P8, Canada",(506) 849-2223,http://thesparothesay.com/,info@rothesaylaser.com,4.5 (34 reviews)
Medical / Clinic,Aesthetic Clinic in New Brunswick,Joli Beauty Boutique,"1714 Rothesay Rd, Saint John, NB E2H 2J4, Canada",N/A,http://jolilaser.ca/,eben@eyebytes.com,4.8 (39 reviews)
Medical / Clinic,Aesthetic Clinic in New Brunswick,DermaEnvy Skincare - Saint John / Rothesay,"518 Rothesay Ave Suite 101, Saint John, NB E2J 2C7, Canada",(506) 636-9907,https://www.dermaenvy.com/,user@domain.com,4.7 (129 reviews)
Medical / Clinic,Aesthetic Clinic in New Brunswick,Vibe Skin Logic Integrative Clinic,"615 Rothesay Ave Suit 203, Saint John, NB E2H 2G9, Canada",N/A,http://vibeskin.ca/,vibe.studio.inc@gmail.com,5 (4 reviews)
Medical / Clinic,Aesthetic Clinic in New Brunswick,Beverly's Esthetic & Laser Studio,"9 Carriage Way, Rothesay, NB E2E 0C7, Canada",(506) 333-2783,http://beverlyslaserspa.com/,,4.7 (12 reviews)
Medical / Clinic,Aesthetic Clinic in New Brunswick,The Welle Medical Clinic Rothesay,"122 Hampton Rd, Rothesay, NB E2E 2N5, Canada",(506) 285-5598,https://thewelle.ca/,info@ndiscovered.com,5 (7 reviews)
Medical / Clinic,Aesthetic Clinic in New Brunswick,Brunswick Medical Aesthetics,"331 Maine St STE 6, Brunswick, ME 04011, USA",(802) 558-0134,https://www.brunswickmedicalaesthetics.com/,info@brunswickmedicalaesthetics.com,5 (20 reviews)
Medical / Clinic,Cosmetic Clinic in Nova Scotia,Bedford Skin Clinic-Halifax,"397 Bedford Hwy Unit 301, Halifax, NS B3M 2C8, Canada",(902) 876-8994,https://www.bedfordskinclinic.ca/,,5 (2 reviews)
Medical / Clinic,Cosmetic Clinic in Nova Scotia,"True Clinic - Halifax Botox, Lips +","5653 Hennessey St, Halifax, NS B3K 2B1, Canada",(902) 717-4488,https://trueclinic.ca/,,5 (373 reviews)
Medical / Clinic,Cosmetic Clinic in Nova Scotia,Atlantic Skin Care Inc,"46 Portland St Suite 306, Dartmouth, NS B2Y 1H3, Canada",(902) 465-4536,http://www.atlanticskincare.com/,,4.3 (79 reviews)
Medical / Clinic,Cosmetic Clinic in Nova Scotia,MARA Medical Aesthetics,"318 Main St, Wolfville, NS B4P 1C4, Canada",(902) 678-9458,http://www.marawolfville.com/,,5 (30 reviews)
Medical / Clinic,Cosmetic Clinic in Nova Scotia,The Landings Surgical Centre,"1477 Lower Water St #145, Halifax, NS B3J 3Z4, Canada",(902) 707-2260,https://www.landingsurgery.ca/,,4 (66 reviews)
Medical / Clinic,Cosmetic Clinic in Nova Scotia,Valley Medical,"Centennial Professional Centre, 81 Exhibition St, Kentville, NS B4N 1C2, Canada",(902) 678-2121,http://www.vmedical.ca/,hello@vmedical.ca,4.9 (41 reviews)
Medical / Clinic,Cosmetic Clinic in Nova Scotia,Embellish Medical Aesthetics,"1201 Larry Uteck Blvd #103, Bedford, NS B4B 0S9, Canada",(902) 240-5750,https://embellishmedical.com/,example@mysite.com,4.7 (14 reviews)
Medical / Clinic,Cosmetic Clinic in Nova Scotia,Truro Medi Spa,"63 Queen St, Truro, NS B2N 2B2, Canada",(902) 893-7613,http://www.truromedispa.com/,,4.8 (99 reviews)
Medical / Clinic,Cosmetic Clinic in Nova Scotia,ReDefined Aesthetics,"911 Prince St, Truro, NS B2N 0E8, Canada",(902) 890-4326,https://www.redefinedaesthetics.ca/,Redefinedaesthetics.truro@gmail.com,5 (42 reviews)
Medical / Clinic,Cosmetic Clinic in Nova Scotia,Michele MacLean M.D.,"3660 Commission St, Halifax, NS B3K 2S3, Canada",(902) 430-0990,https://www.michelemacleanmd.com/,drmml2001@gmail.com,5 (19 reviews)
Medical / Clinic,Cosmetic Clinic in Nova Scotia,This is Sundays - Medical Aesthetics Clinic,"201 Churchill Dr #204, 1435 Hollis Street Unit 2, Membertou, NS B1S 0H1, Canada",(902) 200-0043,http://www.sundaysinc.com/,,5 (109 reviews)
Medical / Clinic,Cosmetic Clinic in Nova Scotia,Face Clinic Halifax,"6461 Quinpool Rd, Halifax, NS B3L 1B1, Canada",(902) 497-6465,https://faceclinic.ca/,info@faceclinic.ca,4.3 (6 reviews)
Medical / Clinic,Cosmetic Clinic in Nova Scotia,Dermatology Rejuvenation Centre,"6088 Coburg Rd, Halifax, NS B3H 1Z4, Canada",(902) 425-2956,,,4 (4 reviews)
Medical / Clinic,"Chiropractic Clinic in Moncton, NB",Dr Ryan Coster - Chiro Clinic Moncton - Chiropractor,"29 Mountain Rd, Moncton, NB E1C 2J9, Canada",(506) 852-3900,http://www.chiroclinicmoncton.ca/,8eb368c655b84e029ed79ad7a5c1718e@sentry.wixpress.com,4.9 (171 reviews)
Medical / Clinic,"Chiropractic Clinic in Moncton, NB",Moncton Chiropractic Center,"126 Steadman St, Moncton, NB E1C 4P6, Canada",(506) 853-8110,,,4.9 (17 reviews)
Medical / Clinic,"Chiropractic Clinic in Moncton, NB",Elmwood Chiropractic Clinic,"499 Elmwood Dr, Moncton, NB E1A 2X4, Canada",(506) 204-6806,https://www.elmwoodchiroclinic.com/,,5 (19 reviews)
Medical / Clinic,"Chiropractic Clinic in Moncton, NB",Clinique Robichaud-Lévesque Clinic,"5 Flanders Ct, Moncton, NB E1C 0K6, Canada",(506) 857-0095,http://robichaudlevesque.ca/,robichaudlevesqueclinic@gmail.com,4.9 (73 reviews)
Medical / Clinic,"Chiropractic Clinic in Moncton, NB",Optimum Wellness Chiropractic Clinic,"298 Mill Rd, Moncton, NB E1A 4B1, Canada",(506) 382-4476,https://drbrettleblanc.com/,,5 (12 reviews)
Medical / Clinic,"Chiropractic Clinic in Moncton, NB",Riverview Chiropractic Clinic,"47 Pine Glen Rd, Riverview, NB E1B 1V3, Canada",(506) 386-2225,http://www.riverviewchiropracticclinic.com/,,4.8 (24 reviews)
Medical / Clinic,"Chiropractic Clinic in Moncton, NB",Mancuso Clinic Pain and Longevity,"33 Foundry St #110, Moncton, NB E1C 0W9, Canada",(506) 805-3645,https://mancusoclinic.com/,info@mancusoclinic.com,4.9 (245 reviews)
Medical / Clinic,"Chiropractic Clinic in Moncton, NB",Chiro Plus Dieppe,"650 Champlain St #101, Dieppe, NB E1A 1P5, Canada",(506) 860-7587,http://chiroplusdieppe.ca/,,5 (150 reviews)
Medical / Clinic,"Chiropractic Clinic in Moncton, NB",Dr. Shauna Dunbar – ReAlign Chiropractic,"133 Killam Dr, Moncton, NB E1C 3S4, Canada",(506) 387-4325,https://realignme.ca/,info@realignme.ca,5 (15 reviews)
Medical / Clinic,"Chiropractic Clinic in Moncton, NB",Medispine,"85 Englehart St, Dieppe, NB E1A 8K2, Canada",(506) 889-4490,https://medispine.ca/,,5 (256 reviews)
Medical / Clinic,"Chiropractic Clinic in Moncton, NB",move easy chiropractic & rehabilitation,"210 Price St, Moncton, NB E1A 8R5, Canada",(506) 830-6600,https://www.360healthcentre.ca/,360healthinfo@gmail.com,5 (2 reviews)
Medical / Clinic,"Chiropractic Clinic in Moncton, NB",Reconnect Health Centre & Physiotherapy,"25 Gorge Rd, Moncton, NB E1G 0Y4, Canada",(506) 386-3650,http://www.reconnecthealth.ca/,,5 (221 reviews)
Medical / Clinic,"Chiropractic Clinic in Moncton, NB",Dr Brett LeBlanc,"298 Mill Rd, Moncton, NB E1A 4B1, Canada",(506) 382-4476,https://drbrettleblanc.com/,,5 (2 reviews)
Medical / Clinic,"Chiropractic Clinic in Moncton, NB",True Health Co. and Chiropractic - Dr. Natasha Goudreau,"567 Coverdale Rd, Riverview, NB E1B 3K7, Canada",(506) 871-3784,https://true-health-company-and-chiropractic.ca1.cliniko.com/bookings,truehealthcoriverview@gmail.com,5 (8 reviews)
Medical / Clinic,"Chiropractic Clinic in Moncton, NB",Dr. Cheryl Hache Macdonald Chiropractic,"100 Cameron St, Moncton, NB E1C 5Z5, Canada",(506) 384-8437,,,5 (3 reviews)
Medical / Clinic,"Chiropractic Clinic in Moncton, NB",Dr. Todd Clayton,"421 Acadie Ave, Dieppe, NB E1A 1H4, Canada",(506) 389-9529,https://www.dieppechiropractic.ca/,dieppechiro@nb.aibn.com,4.8 (17 reviews)
Medical / Clinic,"Chiropractic Clinic in Moncton, NB",360 Health Centre,"210 Price St, Moncton, NB E1A 2L2, Canada",(506) 830-6600,http://www.360healthcentre.ca/,360healthinfo@gmail.com,4.8 (96 reviews)
Medical / Clinic,"Chiropractic Clinic in Moncton, NB",Centre Chiropratique Dieppe Chiropractic Center,"421 Acadie Ave, Dieppe, NB E1A 1H4, Canada",(506) 389-9529,http://dieppechiropractic.ca/,dieppechiro@nb.aibn.com,5 (12 reviews)
Medical / Clinic,"Chiropractic Clinic in Moncton, NB",Rehab1 Performance Center Moncton,"700 St George Blvd Unit B, Moncton, NB E1E 2C6, Canada",(506) 854-1151,https://www.rehab1.ca/?utm_source=gbp,,4.9 (447 reviews)
Medical / Clinic,"Chiropractic Clinic in Moncton, NB",LeBlanc Michel Dr,"233 Archibald St, Moncton, NB E1C 5J8, Canada",(506) 855-6636,,,5 (4 reviews)
Medical / Clinic,"Private Health Clinic in Halifax, NS",Signature Health,"650 Washmill Lake Dr, Halifax, NS B3S 0H8, Canada",(902) 444-6600,http://signaturehealth.ca/,,4 (12 reviews)
Medical / Clinic,"Private Health Clinic in Halifax, NS",Living Well Integrative Health Center,"2176 Windsor St, Halifax, NS B3K 5B6, Canada",(902) 406-1500,https://www.facebook.com/people/Living-Well-Integrative-Health-Centre/100063523870274/,,5 (4 reviews)
Medical / Clinic,"Private Health Clinic in Halifax, NS",Lotus health,"256 Bedford Hwy, Halifax, NS B3M 2K3, Canada",N/A,,,N/A (0 reviews)
Medical / Clinic,"Private Health Clinic in Halifax, NS",Unified Health,"520 Spring Garden Rd #5991, Halifax, NS B3H 1Y6, Canada",N/A,,,3 (2 reviews)
Medical / Clinic,"Private Health Clinic in Halifax, NS",Coral Shared-Care Health Center,"15 Shoreham Ln, Halifax, NS B3P 1K4, Canada",(902) 420-0033,https://coralhealthcenter.org/,,4.6 (5 reviews)
Medical / Clinic,"Private Health Clinic in Halifax, NS",Optimal Wellbeing Clinic,"1378 Bedford Hwy, Bedford, NS B4A 1E2, Canada",(902) 406-4424,http://optimalwellbeing.ca/,,4.2 (9 reviews)
Medical / Clinic,"Private Health Clinic in Halifax, NS",SRx Clinics | Halifax,"5991 Spring Garden Rd #285, Halifax, NS B3H 4R7, Canada",(902) 490-8944,https://srxhealth.ca/,,5 (1 reviews)
Medical / Clinic,"Private Health Clinic in Halifax, NS",TRUE NORTH,"362 Lacewood Dr, Halifax, NS B3S 1M7, Canada",(902) 431-4433,http://truenorthcr.com/,,5 (2 reviews)
Medical / Clinic,"Private Health Clinic in Halifax, NS",Coverdale Infusion Clinic,"5991 Spring Garden Rd suite 480, Halifax, NS B3H 1Y6, Canada",(866) 210-0399,https://bioscript.ca/,,4.3 (7 reviews)
Medical / Clinic,"Private Health Clinic in Halifax, NS",Choice Health Centre Halifax,"46 McQuade Lake Crescent, Halifax, NS B3S 1G8, Canada",(902) 404-3668,https://www.choicehealthcentre.com/,bedford@choicehealthcentre.com,4.9 (294 reviews)
Medical / Clinic,"Private Health Clinic in Halifax, NS",Coastal Gender Affirming Care,"2369 Agricola St, Halifax, NS B3K 4B7, Canada",(902) 580-7655,https://www.coastalgac.com/,605a7baede844d278b89dc95ae0a9123@sentry-next.wixpress.com,5 (3 reviews)
Medical / Clinic,"Private Health Clinic in Halifax, NS",Bayers Lake Community Outpatient Centre,"420 Susie Lake Crescent, Beechville, NS B3S 0G4, Canada",(902) 876-6400,https://www.nshealth.ca/locations-and-facilities/bayers-lake-community-outpatient-centre,inspired@cdha.nshealth.ca,4.1 (99 reviews)
Medical / Clinic,"Private Health Clinic in Halifax, NS",Atlantic Medical Clinic,"7001 Mumford Rd, Halifax, NS B3L 2H8, Canada",(902) 455-4333,https://halifaxshoppingcentre.com/stores/atlantic-medical-clinic-lawtons,,3.1 (43 reviews)
Medical / Clinic,"Private Health Clinic in Halifax, NS",North End Community Health Centre,"2131 Gottingen St 5th Floor, Halifax, NS B3K 5Z7, Canada",(902) 420-0303,http://nechc.com/,,3.4 (38 reviews)
Medical / Clinic,"Private Health Clinic in Halifax, NS",Regency Park Family Practice,"200, 366 Lacewood Dr, Halifax, NS B3S 1M7, Canada",(902) 407-6100,https://regencyparkfamilypractice.ca/,,3.2 (101 reviews)
Medical / Clinic,"Private Health Clinic in Halifax, NS",Integrated Chronic Care Service (ICCS),"998 Parkland Dr Suite 203, Halifax, NS B3M 0A6, Canada",(902) 487-0578,http://www.nshealth.ca/locations-details/Integrated%20Chronic%20Care%20Service,,3.3 (9 reviews)
Medical / Clinic,"Private Health Clinic in Halifax, NS",NoVa Women’s Health and Laser Clinic,"1535 Dresden Row #213, Halifax, NS B3J 3T1, Canada",(902) 404-8659,http://novawomenshealth.ca/,info@novawomenshealth.ca,2.3 (3 reviews)
Medical / Clinic,"Private Health Clinic in Halifax, NS",IWK Health Centre,"5980 University Ave #5850, Halifax, NS B3K 6R8, Canada",(902) 470-8888,https://iwkhealth.ca/,,4.1 (295 reviews)
Medical / Clinic,"Private Health Clinic in Halifax, NS",Healthview Medical Imaging,"255 Lacewood Dr #100A, Halifax, NS B3M 4G2, Canada",(902) 443-9922,http://healthviewimaging.ca/,,3.4 (33 reviews)
Medical / Clinic,"Private Health Clinic in Halifax, NS",VON Halifax,"7075 Bayers Rd #100, Halifax, NS B3L 2C2, Canada",(902) 453-5800,http://www.von.ca/,,2.6 (31 reviews)
Medical / Clinic,"Dental Clinic in Moncton, NB",Clinique Dentaire Champlain Dental Clinic - Dieppe,"250 Champlain St Unit 3A, Dieppe, NB E1A 1P3, Canada",(506) 857-0888,https://www.champlaindental.ca/champlain-dental-clinic-dieppe?utm_source=google&utm_medium=organic&utm_campaign=gmb-listing,shediac@cdcnb.ca,4.8 (270 reviews)
Medical / Clinic,"Dental Clinic in Moncton, NB",Mountain View Dental Group,"585 Mapleton Rd, Moncton, NB E1G 2K5, Canada",(506) 859-7800,http://mountainviewdentists.ca/,,3.7 (18 reviews)
Medical / Clinic,"Dental Clinic in Moncton, NB",Dr. Maninder Goel,"585 Mapleton Rd, Moncton, NB E1G 2K5, Canada",(506) 988-0009,https://familydents.ca/,typesetit@att.net,4.9 (85 reviews)
Medical / Clinic,"Dental Clinic in Moncton, NB",Riverview Dentistry,"528 Pinewood Rd, Riverview, NB E1B 5J9, Canada",(506) 386-3344,https://www.riverviewdentistry.ca/site/home?utm_source=G&utm_medium=LPM&utm_campaign=DentalCorp,,5 (1545 reviews)
Medical / Clinic,"Dental Clinic in Moncton, NB",Moncton Dental House,"741 Mountain Rd, Moncton, NB E1C 2R1, Canada",(506) 859-4422,https://monctondentalhouse.com/,,3.7 (49 reviews)
Medical / Clinic,"Dental Clinic in Moncton, NB",Harrisville Dental Center,"1121 Shediac Rd, Moncton, NB E1A 7B6, Canada",(506) 858-0188,https://www.harrisvilledental.ca/,info@harrisvilledental.ca,4.4 (49 reviews)
Medical / Clinic,"Dental Clinic in Moncton, NB",Family Dental Moncton,"160 Highfield St, Moncton, NB E1C 5P2, Canada",(506) 857-0687,http://www.familydentalmoncton.ca/,familydentalmoncton@gmail.com,4.5 (100 reviews)
Medical / Clinic,"Dental Clinic in Moncton, NB",Centre dentaire Boucher Levesque Maltais,"200 Champlain St Suite 240, Dieppe, NB E1A 1P1, Canada",(506) 387-2000,https://www.centredentaireblm.ca/site/accueil?utm_source=G&utm_medium=LPM&utm_campaign=DentalCorp,,4.9 (610 reviews)
Medical / Clinic,"Dental Clinic in Moncton, NB",Prisma Dental Clinic Moncton,"220 Price St, Moncton, NB E1A 2L2, Canada",(506) 854-4455,https://www.prismadental.ca/,,4.5 (30 reviews)
Medical / Clinic,"Dental Clinic in Moncton, NB",Clinique Dentaire Dieppe Dental Clinic,"114 Champlain St, Dieppe, NB E1A 1N7, Canada",(506) 859-6044,,,4.9 (190 reviews)
Medical / Clinic,"Dental Clinic in Moncton, NB",Champlain Dental Clinic Moncton - Weldon Street,"99 Weldon St, Moncton, NB E1C 5W1, Canada",(506) 854-6166,https://www.champlaindental.ca/champlain-dental-clinic-moncton-weldon-street?utm_source=google&utm_medium=organic&utm_campaign=gmb-listing,shediac@cdcnb.ca,5 (5 reviews)
Medical / Clinic,"Dental Clinic in Moncton, NB",Moncton Smiles,"100 Arden St Suite 608, Moncton, NB E1C 4B7, Canada",(506) 857-4068,http://www.monctonsmiles.com/,,4.2 (75 reviews)
Medical / Clinic,"Dental Clinic in Moncton, NB",Amirault Dental Center,"309 Amirault St, Dieppe, NB E1A 1G1, Canada",(506) 386-9000,https://www.amiraultcentredentaire.ca/site/accueil?utm_source=G&utm_medium=LPM&utm_campaign=DentalCorp,,4.4 (104 reviews)
Medical / Clinic,"Dental Clinic in Moncton, NB",Oulton College Dental Centre,"5 Pacific Ave, Moncton, NB E1E 2G2, Canada",N/A,http://www.oultoncollege.com/,,5 (52 reviews)
Medical / Clinic,"Dental Clinic in Moncton, NB",Moncton North Dental Center,"1888 Mountain Rd Suite 7, Moncton, NB E1G 2G4, Canada",(506) 857-0589,http://www.monctonnorthdentalcenter.com/,,4.7 (15 reviews)
Medical / Clinic,"Dental Clinic in Moncton, NB",Smiles Dental Docs,"1077 St George Blvd #350, Moncton, NB E1E 4C9, Canada",(506) 859-7500,https://www.smilesdentaldocs.ca/,,4.3 (51 reviews)
Medical / Clinic,"Dental Clinic in Moncton, NB",Dental Health Centre,"790 Dieppe Blvd #203, Dieppe, NB E1A 9G5, Canada",(506) 855-4030,https://www.dentalhealthcentre.ca/,,4.9 (75 reviews)
Medical / Clinic,"Dental Clinic in Moncton, NB",Jones Lake Dental,"A-1616 Main St, Moncton, NB E1E 1G6, Canada",(506) 858-8804,http://www.joneslakedental.ca/,joneslakedental@gmail.com,4.6 (37 reviews)
Medical / Clinic,"Dental Clinic in Moncton, NB",Dr. Luc Sipkema - Flossing Dentistry,"330 Elmwood Dr, Moncton, NB E1A 8R5, Canada",(506) 386-5555,http://drluc.ca/,info@drluc.ca,4.7 (85 reviews)
Medical / Clinic,"Dental Clinic in Moncton, NB",Centre Dentaire Elmwood Dental,"330 Elmwood Dr, Moncton, NB E1A 8R5, Canada",N/A,http://www.centredentaireelmwooddentalcentre.ca/en/,,4 (35 reviews)
Medical / Clinic,"Dental Clinic in Halifax, NS",Atlantic Dental Centre,"7001 Mumford Rd Halifax Place, across from Starbucks, 2nd Floor, Suite, #201, Halifax, NS B3L 4R3, Canada",(902) 453-2100,https://www.atlanticdentalcentre.ca/site/home?utm_source=G&utm_medium=LPM&utm_campaign=DentalCorp,,4.8 (787 reviews)
Medical / Clinic,"Dental Clinic in Halifax, NS",Trimac Dental Centre,"6950 Mumford Rd #1, Halifax, NS B3L 4W1, Canada",(902) 453-1234,https://www.trimacdental.com/site/home?utm_source=G&utm_medium=LPM&utm_campaign=DentalCorp,,4.9 (910 reviews)
Medical / Clinic,"Dental Clinic in Halifax, NS",Lawen Dentistry - Halifax Professional Centre,"5991 Spring Garden Rd #275, Halifax, NS B3H 1Y6, Canada",(902) 424-1888,https://www.ourdentist.ca/,info@ourdentist.ca,4.9 (941 reviews)
Medical / Clinic,"Dental Clinic in Halifax, NS",Scotia Dental,"Duke, 5251 Duke St Tower, #602, Halifax, NS B3J 1P3, Canada",(902) 444-8550,https://www.scotiadental.com/site/home?utm_source=G&utm_medium=LPM&utm_campaign=DentalCorp,,4.8 (1147 reviews)
Medical / Clinic,"Dental Clinic in Halifax, NS",Gladstone Dental Centre,"6155 North St #405, Halifax, NS B3K 5R3, Canada",(902) 707-4155,https://www.gladstonedental.ca/site/home?utm_source=G&utm_medium=LPM&utm_campaign=DentalCorp,,4.7 (571 reviews)
Medical / Clinic,"Dental Clinic in Halifax, NS",Halifax Dental Group,"5991 Spring Garden Rd #260, Halifax, NS B3H 1Y6, Canada",(902) 482-3888,http://www.halifaxdental.ca/,user@domain.com,5 (1059 reviews)
Medical / Clinic,"Dental Clinic in Halifax, NS",Robie Street Dental Centre,"1584 Robie St, Halifax, NS B3H 3E6, Canada",(902) 421-7500,https://www.robiestreetdental.ca/site/home?utm_source=G&utm_medium=LPM&utm_campaign=DentalCorp,,4.8 (227 reviews)
Medical / Clinic,"Dental Clinic in Halifax, NS",Herring Cove Community Dentistry,"303 Herring Cove Rd, Halifax, NS B3P 1M3, Canada",(902) 477-9457,https://www.herringcovedental.ca/,info@herringcovedental.ca,4.9 (973 reviews)
Medical / Clinic,"Dental Clinic in Halifax, NS",Clayton Park Dental,"278 Lacewood Dr, Halifax, NS B3M 3N8, Canada",(902) 457-5450,https://www.claytonparkdental.com/site/home?utm_source=G&utm_medium=LPM&utm_campaign=DentalCorp,,4.7 (400 reviews)
Medical / Clinic,"Dental Clinic in Halifax, NS",Rockingham Ridge Dental Centre,"30 Farnham Gate Rd, Halifax, NS B3M 3W8, Canada",(902) 443-0451,http://www.rockinghamridgedental.com/,,4.8 (110 reviews)
Medical / Clinic,"Dental Clinic in Halifax, NS",Parkland Dental,"998 Parkland Dr #104, Halifax, NS B3M 0A6, Canada",(902) 443-9999,https://www.parklandsmiles.ca/site/home?utm_source=G&utm_medium=LPM&utm_campaign=DentalCorp,,4.9 (507 reviews)
Medical / Clinic,"Dental Clinic in Halifax, NS",Lawen Dentistry - Mumford Road Clinic,"7037 Mumford Rd #101, Halifax, NS B3L 2J1, Canada",(902) 406-1888,https://www.ourdentist.ca/?utm_source=google&utm_medium=organic&utm_campaign=gmb-listing,info@ourdentist.ca,5 (194 reviews)
Medical / Clinic,"Dental Clinic in Halifax, NS",Lakeside Dental,"84 Chain Lake Dr #101, Halifax, NS B3S 1B4, Canada",(902) 450-1569,https://www.lakesidedentalhalifax.ca/site/home,,4.7 (65 reviews)
Medical / Clinic,"Dental Clinic in Halifax, NS",Dentistry on the Commons,"2141 Windsor St, Halifax, NS B3K 5B5, Canada",(902) 492-3838,https://www.halifaxdentistry.ca/,0e6a29e4756740a8a63493e912ba2174@sentry.wixpress.com,4.8 (45 reviews)
Medical / Clinic,"Dental Clinic in Halifax, NS",Anchor Dental,"6960 Mumford Rd Suite 130, Halifax, NS B3L 4P1, Canada",(902) 453-0060,http://www.anchordental.ca/,2062d0a4929b45348643784b5cb39c36@sentry.wixpress.com,5 (333 reviews)
Medical / Clinic,"Dental Clinic in Halifax, NS",Lacewood Square Dentistry,"362 Lacewood Dr #10, Halifax, NS B3S 1M7, Canada",(902) 443-3228,https://lacewoodsquaredentistry.com/?utm_source=gmb&utm_medium=gmb&utm_campaign=Websitelink,info@lacewoodsquaredentistry.com,4.7 (216 reviews)
Medical / Clinic,"Dental Clinic in Halifax, NS",Mumford Family Dental Centre,"6960 Mumford Rd Unit 2135, Halifax, NS B3L 4P1, Canada",(902) 455-1499,https://mumfordfamilydental.ca/,,4.4 (31 reviews)
Medical / Clinic,"Dental Clinic in Halifax, NS",Complete Family Dentistry,"6417 Lady Hammond Rd, Halifax, NS B3K 2S4, Canada",(902) 404-3369,https://completefamilydentistry.ca/?utm_source=google-my-business&utm_medium=organic,,4.8 (321 reviews)
Medical / Clinic,"Dental Clinic in Halifax, NS",Spring Garden Dentistry,"5885 Spring Garden Rd, Halifax, NS B3H 1Y3, Canada",(902) 429-1752,https://www.springgardendentistry.com/?utm_source=google&utm_medium=organic&utm_campaign=gmb-listing,,3.7 (27 reviews)
Medical / Clinic,"Dental Clinic in Halifax, NS",Sante Dental,"1535 Dresden Row, Halifax, NS B3J 3T1, Canada",(902) 423-3234,https://www.santedentalhalifax.ca/,your@email.com,4.8 (110 reviews)
Automotive / RV,"Car Dealership in Moncton, New Brunswick",Lounsbury Chevrolet Moncton,"2155 Main St, Moncton, NB E1C 9P2, Canada",(506) 857-4300,https://www.lounsburymoncton.com/?utm_source=Google+Business+Profile&utm_medium=GMB&utm_campaign=Local_SEO&utm_id=Local+SEO,,4.2 (460 reviews)
Automotive / RV,"Car Dealership in Moncton, New Brunswick",Rallye Motors Chrysler,"1810 Main St, Moncton, NB E1E 4S7, Canada",(800) 572-5593,https://www.rallyemotors-chrysler.ca/,bdc@rallyemotors.ca,4 (474 reviews)
Automotive / RV,"Car Dealership in Moncton, New Brunswick",MacDonald Buick GMC Cadillac,"111 Baig Blvd, Moncton, NB E1E 1E4, Canada",(506) 853-6200,https://www.macdonaldbuickgmc.com/,,4.5 (1919 reviews)
Automotive / RV,"Car Dealership in Moncton, New Brunswick",Moncton Honda,"1820 Main St, Moncton, NB E1E 4S7, Canada",(506) 857-2950,http://www.monctonhonda.com/,nom@exemple.com,4.4 (1703 reviews)
Automotive / RV,"Car Dealership in Moncton, New Brunswick",Morrison Family Motors,"1469 Elmwood Dr, Moncton, NB E1H 2H5, Canada",(506) 854-2277,https://www.morrisonmotors.ca/?utm_source=google_lso_trader&utm_medium=organic&utm_campaign=home,,4.7 (294 reviews)
Automotive / RV,"Car Dealership in Moncton, New Brunswick",ReCar Moncton,"771 Elmwood Dr, Moncton, NB E1H 2G8, Canada",(506) 804-4255,https://www.recar.ca/?utm_source=google&utm_medium=organic&utm_campaign=moncton-gmb,,4.5 (291 reviews)
Automotive / RV,"Car Dealership in Moncton, New Brunswick",Campbell's Auto Sales,"680 Salisbury Rd, Moncton, NB E1E 1C1, Canada",(506) 384-2886,https://campbellsauto.com/,,4.6 (234 reviews)
Automotive / RV,"Car Dealership in Moncton, New Brunswick",Taylor Ford Lincoln,"10 Lewisville Rd, Moncton, NB E1C 8M7, Canada",(506) 857-2300,http://taylorford.ca/,,4.5 (1077 reviews)
Automotive / RV,"Car Dealership in Moncton, New Brunswick",Rallye Motors Nissan,"191 Carson Dr, Moncton, NB E1C 0K4, Canada",(800) 572-5593,http://www.rallyemotors-nissan.ca/,bdc@rallyemotors.ca,4.3 (842 reviews)
Automotive / RV,"Car Dealership in Moncton, New Brunswick",Moncton Chrysler Jeep Dodge Ram,"1365 Mountain Rd, Moncton, NB E1C 2T9, Canada",(506) 777-5612,https://www.monctonchrysler.com/,,4.3 (1370 reviews)
Automotive / RV,"Car Dealership in Moncton, New Brunswick",Rallye Motors Hyundai,"199 Carson Dr, Moncton, NB E1C 0K4, Canada",(800) 572-5593,http://www.rallyemotors-hyundai.ca/,Mawad@rallyemotors.ca,4 (1347 reviews)
Automotive / RV,"Car Dealership in Moncton, New Brunswick",Peak Xceleration Sales & Service,"85 Chief Noah Augustine Dr Near Exit 462 from, Trans-Canada Hwy, Moncton, NB E1A 9Z3, Canada",(506) 387-4087,http://www.peakxceleration.com/,,4.6 (95 reviews)
Automotive / RV,"Car Dealership in Moncton, New Brunswick",Rallye Motors Infiniti,"195 Carson Dr, Moncton, NB E1C 0K4, Canada",(800) 572-5593,http://rallyemotors-infiniti.ca/,bdc@rallyemotors.ca,4.6 (195 reviews)
Automotive / RV,"Car Dealership in Moncton, New Brunswick",Collishaw Auto Financial,"363 Collishaw St, Moncton, NB E1C 9R2, Canada",(506) 857-0155,https://www.collishawauto.com/,info@collishawauto.com,4.2 (60 reviews)
Automotive / RV,"Car Dealership in Moncton, New Brunswick",Taylor Auto Village,"50 Lewisville Rd, Moncton, NB E1A 2K2, Canada",(506) 867-5309,https://www.taylorford.ca/used/search.html,,4.1 (52 reviews)
Automotive / RV,"Car Dealership in Moncton, New Brunswick",Moncton Kia,"55 Lewisville Rd, Moncton, NB E1A 2X8, Canada",(506) 859-4748,http://www.monctonkia.ca/,,4.5 (431 reviews)
Automotive / RV,"Car Dealership in Moncton, New Brunswick",JAYLAN AUTO & RECREATION,"30 Lonsdale Dr, Moncton, NB E1G 1A9, Canada",(506) 295-7520,http://jaylanauto.com/,admin@jaylanauto.com,4.9 (29 reviews)
Automotive / RV,"Car Dealership in Moncton, New Brunswick",Rallye Motors Mitsubishi,"1837 Main St, Moncton, NB E1E 1H6, Canada",(800) 572-5593,https://www.rallyemotors-mitsubishi.ca/,emergency@rallyemotors.ca,4.2 (446 reviews)
Automotive / RV,"Car Dealership in Moncton, New Brunswick",Murray's Used Cars Ltd,"670 Mountain Rd, Moncton, NB E1C 2P5, Canada",(506) 383-2070,http://murraysusedcars.com/,info@murraysusedcars.com,3.7 (65 reviews)
Automotive / RV,"Car Dealership in Moncton, New Brunswick",Acura Of Moncton,"1170 Aviation Ave, Dieppe, NB E1A 9A3, Canada",(506) 853-1116,https://www.acuraofmoncton.ca/?utm_source=google&utm_medium=organic&utm_campaign=GMB&utm_term=GoogleLocalTraffic,,4.3 (157 reviews)
Automotive / RV,"Car Dealership in Fredericton, New Brunswick",Auto City Fredericton,"40 Main St, Fredericton, NB E3A 1B8, Canada",(506) 457-1798,https://www.autocityfredericton.ca/?utm_source=GMB&utm_medium=organic&utm_campaign=gmb,roger@retreeverconsulting.com,4.8 (267 reviews)
Automotive / RV,"Car Dealership in Fredericton, New Brunswick",ReCar Fredericton,"14 Avonlea Ct, Fredericton, NB E3C 1N8, Canada",(506) 300-3201,http://recar.ca/used-cars-fredericton,david.hoag@recar.ca,4.8 (923 reviews)
Automotive / RV,"Car Dealership in Fredericton, New Brunswick",Jim Gilbert's Wheels and Deals,"Jim Gilbert's, 402 St Marys St #2, Fredericton, NB E3A 8H5, Canada",(506) 459-6832,https://www.powersports.wheelsanddeals.ca/,drivehappy@wheelsanddeals.ca,4.8 (368 reviews)
Automotive / RV,"Car Dealership in Fredericton, New Brunswick",Price Auto Sales,"464 Union St, Fredericton, NB E3A 3M8, Canada",(506) 455-1888,https://priceautosales.tadvantage.ca/,,N/A (0 reviews)
Automotive / RV,"Car Dealership in Fredericton, New Brunswick",St. Croix Auto Fredericton,"129 Riverside Dr, Fredericton, NB E3A 3X9, Canada",(506) 474-8081,https://www.stcroixauto.com/?utm_source=google&utm_medium=organic&utm_campaign=fred-gmb,,4.5 (206 reviews)
Automotive / RV,"Car Dealership in Fredericton, New Brunswick",Fox Chevrolet Cadillac,"820 Prospect St, Fredericton, NB E3B 4Z2, Canada",(506) 452-1010,https://www.foxchevroletcadillac.com/,stefanoa@foxchevroletcadillac.com,4.6 (1441 reviews)
Automotive / RV,"Car Dealership in Fredericton, New Brunswick",Wood Motors Ford,"880 Prospect St, Fredericton, NB E3B 2T8, Canada",(506) 452-6611,http://woodmotors.com/,,4.7 (700 reviews)
Automotive / RV,"Car Dealership in Fredericton, New Brunswick",Summit Dodge Fredericton,"505 Bishop Dr, Fredericton, NB E3B 5C8, Canada",(844) 525-7623,http://www.summitdodge.ca/,,3.7 (333 reviews)
Automotive / RV,"Car Dealership in Fredericton, New Brunswick",Riverview Honda Powersports,"911 Hanwell Rd, Fredericton, NB E3B 6A3, Canada",(506) 452-1155,https://www.riverviewhonda.ca/?utm_source=Google+Business+Profile&utm_medium=GMB&utm_campaign=Local_SEO&utm_id=Local+SEO,,4.5 (1007 reviews)
Automotive / RV,"Car Dealership in Fredericton, New Brunswick",Riverview Ford Lincoln,"970 Hanwell Rd, Fredericton, NB E3B 5C2, Canada",(506) 453-0400,https://www.riverviewford.ca/?utm_source=Google+Business+Profile&utm_medium=GMB&utm_campaign=Local_SEO&utm_id=Local+SEO,,4.6 (835 reviews)
Automotive / RV,"Car Dealership in Fredericton, New Brunswick",Fredericton Toyota,"35 Alison Blvd, Fredericton, NB E3B 4Z9, Canada",(506) 452-2200,https://www.frederictontoyota.com/?utm_source=google&utm_medium=organic&utm_campaign=GMB&utm_term=GoogleLocalTraffic,3af74c00e86c4c828216e2111e0a86d1@sentry.io,4.1 (467 reviews)
Automotive / RV,"Car Dealership in Fredericton, New Brunswick",World Class Auto,"500 Bishop Dr, Fredericton, NB E3C 0B4, Canada",(506) 455-4555,https://www.worldclassautosales.ca/?utm_source=gmb,,4.4 (60 reviews)
Automotive / RV,"Car Dealership in Fredericton, New Brunswick",Instant Wheels,"10 Melissa St, Fredericton, NB E3A 6W4, Canada",(506) 471-0175,http://www.instantwheels.ca/,mark@instantwheels.ca,3.9 (90 reviews)
Automotive / RV,"Car Dealership in Fredericton, New Brunswick",Fredericton Mitsubishi,"327 St Marys St, Fredericton, NB E3A 2S5, Canada",(506) 526-6010,https://frederictonmitsubishi.com/?utm_source=google&utm_medium=organic&utm_campaign=gmb,,4.6 (454 reviews)
Automotive / RV,"Car Dealership in Fredericton, New Brunswick",Canada East Rides,"130 Main St, Fredericton, NB E3A 1C7, Canada",(506) 307-5991,https://canadaeastrides.com/,,4.4 (138 reviews)
Automotive / RV,"Car Dealership in Fredericton, New Brunswick",Fairview Jeep Ram Ltd.,"1065 Hanwell Rd, Fredericton, NB E3B 5C8, Canada",(506) 458-8955,http://www.fairviewchrysler.ca/,,4.1 (221 reviews)
Automotive / RV,"Car Dealership in Fredericton, New Brunswick",Fredericton Nissan,"250 Bishop Dr, Fredericton, NB E3C 0N8, Canada",(506) 458-9423,https://www.frederictonnissan.com/en,3af74c00e86c4c828216e2111e0a86d1@sentry.io,4.2 (244 reviews)
Automotive / RV,"Car Dealership in Fredericton, New Brunswick",Steele GMC Buick,"1135 Hanwell Rd, Fredericton, NB E3C 1A5, Canada",(506) 453-7000,http://www.steelegmcbuick.com/?utm_source=Google+Business+Profile&utm_medium=LSO&utm_campaign=Local_SEO&utm_id=Local+SEO,,4.2 (268 reviews)
Automotive / RV,"Car Dealership in Fredericton, New Brunswick",Everyone Drives,"441 Union St Suite 1, Fredericton, NB E3A 2R4, Canada",(902) 201-8712,https://www.every1drives.ca/,info@every1drives.ca,4.2 (54 reviews)
Automotive / RV,"Car Dealership in Fredericton, New Brunswick",Fredericton Volkswagen,"350 Bishop Dr, Fredericton, NB E3C 0B4, Canada",(506) 454-2886,https://www.frederictonvw.com/,,4.6 (384 reviews)
Automotive / RV,"Car Dealership in Saint John, New Brunswick",ReCar Saint John,"362 Rothesay Ave, Saint John, NB E2J 2C4, Canada",(506) 799-1801,https://www.recar.ca/?utm_source=google&utm_medium=organic&utm_campaign=sj-gmb,,4.9 (539 reviews)
Automotive / RV,"Car Dealership in Saint John, New Brunswick",Saint John Nissan,"633 Rothesay Ave, Saint John, NB E2H 2G9, Canada",(506) 633-1515,https://www.saintjohnnissan.com/,,4.2 (228 reviews)
Automotive / RV,"Car Dealership in Saint John, New Brunswick",Look & Tel Auto Used Vehicles & Financing,"283 Rothesay Ave, Saint John, NB E2J 2B8, Canada",(506) 634-8950,http://www.lookandtelauto.com/,,3.9 (28 reviews)
Automotive / RV,"Car Dealership in Saint John, New Brunswick",Downey Ford Saint John,"35 Consumers Dr, Saint John, NB E2J 3S9, Canada",(506) 632-6000,http://www.downeyfordsj.ca/,,4.5 (703 reviews)
Automotive / RV,"Car Dealership in Saint John, New Brunswick",Loch Lomond Mitsubishi,"1265 Loch Lomond Rd, Saint John, NB E2J 3V4, Canada",(506) 634-1765,http://www.itsthemits.com/,,4.4 (260 reviews)
Automotive / RV,"Car Dealership in Saint John, New Brunswick",Saint John Toyota,"410 Rothesay Ave, Saint John, NB E2J 2C4, Canada",(506) 633-7070,http://www.saintjohntoyota.com/,tsmyth@saintjohn.toyota.ca,4.3 (688 reviews)
Automotive / RV,"Car Dealership in Saint John, New Brunswick",Fundy Honda,"160 Rothesay Ave, Saint John, NB E2J 2B4, Canada",(506) 633-1333,http://fundyhonda.com/,,4.7 (1079 reviews)
Automotive / RV,"Car Dealership in Saint John, New Brunswick",Dobson Chrysler Dodge Jeep,"312 Rothesay Ave, Saint John, NB E2J 2B9, Canada",(506) 634-6060,http://www.dobsonchrysler.ca/,,4 (130 reviews)
Automotive / RV,"Car Dealership in Saint John, New Brunswick",Steele Chevrolet Cadillac Buick GMC Saint John,"183 Rothesay Ave, Saint John, NB E2J 2B4, Canada",(506) 634-5555,https://www.steelechevsj.com/en,brichards@steeleauto.com,3.7 (271 reviews)
Automotive / RV,"Car Dealership in Saint John, New Brunswick",Century Hyundai Saint John,"403 Westmorland Rd, Saint John, NB E2J 3S9, Canada",(506) 652-2277,http://www.centuryhyundaisj.ca/,mkingston@sjhyundai.com,4.5 (1181 reviews)
Automotive / RV,"Car Dealership in Saint John, New Brunswick",Saint John Volkswagen,"407 Rothesay Ave, Saint John, NB E2J 2C3, Canada",(506) 658-1313,http://www.saintjohnvw.ca/,,4.3 (267 reviews)
Automotive / RV,"Car Dealership in Saint John, New Brunswick",Dobson Signature Auto,"275 Rothesay Ave, Saint John, NB E2J 2B8, Canada",(506) 634-6300,http://www.signatureauto.ca/,,4.4 (16 reviews)
Automotive / RV,"Car Dealership in Saint John, New Brunswick",Lexus of Saint John,"347 Rothesay Ave, Saint John, NB E2J 2C3, Canada",(506) 642-5398,http://www.lexusofsaintjohn.com/,tsmyth@saintjohn.toyota.ca,4.1 (67 reviews)
Automotive / RV,"Car Dealership in Saint John, New Brunswick",The Used Car Depot,"1047 Manawagonish Rd, Saint John, NB E2M 3X4, Canada",(506) 696-6990,http://www.theusedcardepot.com/,,3 (60 reviews)
Automotive / RV,"Car Dealership in Saint John, New Brunswick",Lancaster Vehicle Center,"790 Fairville Blvd, Saint John, NB E2M 5T4, Canada",(506) 672-1000,http://www.lancastervehicle.com/,,4.5 (36 reviews)
Automotive / RV,"Car Dealership in Saint John, New Brunswick",Al's Ultra Car Sales & Service,"2086 Ocean Westway, Saint John, NB E2M 5G9, Canada",(506) 672-1460,https://alsultracar.com/,,4.8 (54 reviews)
Automotive / RV,"Car Dealership in Saint John, New Brunswick",Port City Kia,"550 Rothesay Ave, Saint John, NB E2J 2C7, Canada",(506) 635-1600,http://portcitykia.com/,,4.3 (171 reviews)
Automotive / RV,"Car Dealership in Saint John, New Brunswick",King Mazda,"440 Rothesay Ave, Saint John, NB E2L 4G7, Canada",(506) 634-8370,http://www.kingmazda.ca/en,3af74c00e86c4c828216e2111e0a86d1@sentry.io,4.7 (388 reviews)
Automotive / RV,"Car Dealership in Saint John, New Brunswick",Century Subaru,"299 Rothesay Ave, Saint John, NB E2J 2C3, Canada",(506) 633-0833,http://www.centurysubaru.ca/,,4.6 (363 reviews)
Automotive / RV,"Car Dealership in Saint John, New Brunswick",TD Lamb Auto Sales,"755 Rothesay Ave, Saint John, NB E2H 2H6, Canada",(506) 633-8000,https://www.tdlamb.ca/,,3.9 (10 reviews)
Automotive / RV,"Car Dealership in Halifax, Nova Scotia",O'Regan's Green Light Used Car Centre Halifax,"3170 Kempt Rd, Halifax, NS B3K 4X1, Canada",(902) 450-5775,http://oregansgreenlighthalifax.com/,,4.6 (351 reviews)
Automotive / RV,"Car Dealership in Halifax, Nova Scotia",O'Regan's Wholesale Direct Halifax,"3577 Commission St, Halifax, NS B3K 5P6, Canada",(902) 428-4440,http://www.oreganswholesaledirecthalifax.com/,,4.1 (188 reviews)
Automotive / RV,"Car Dealership in Halifax, Nova Scotia",O'Regan's Chevrolet Buick GMC Cadillac,"2477 Robie St, Halifax, NS B3K 4N2, Canada",(902) 422-8551,https://www.oreganschevrolet.com/?utm_source=google_lso_trader&utm_medium=organic&utm_campaign=home,nom@exemple.com,4 (501 reviews)
Automotive / RV,"Car Dealership in Halifax, Nova Scotia",Steele Halifax Chrysler Dodge Jeep Ram FIAT,"12 Lakelands Blvd, Halifax, NS B3S 1S8, Canada",(902) 455-0566,http://www.halifaxchrysler.ca/,,4.4 (740 reviews)
Automotive / RV,"Car Dealership in Halifax, Nova Scotia",Clutch Halifax - Buy & Sell Used Cars,"20 Duke St Unit 101, Bedford, NS B4A 2Z5, Canada",(902) 706-5829,https://www.clutch.ca/cars/in-halifax?utm_source=google&utm_medium=gmb&utm_campaign=gmb-hal,,4.8 (3203 reviews)
Automotive / RV,"Car Dealership in Halifax, Nova Scotia",Race Auto Group | Used Car Dealer Halifax,"3204 Barrington St, Halifax, NS B3K 2X6, Canada",(902) 830-7223,https://www.raceautogroup.com/?utm_source=GMB&utm_medium=organic&utm_campaign=local&utm_content=Halifax,,4.8 (51 reviews)
Automotive / RV,"Car Dealership in Halifax, Nova Scotia",Steele Ford Lincoln,"3773 Windsor St, Halifax, NS B3K 5M2, Canada",(902) 453-1130,http://www.steeleford.com/,,4.5 (2354 reviews)
Automotive / RV,"Car Dealership in Halifax, Nova Scotia",O'Regan's Green Light Used Car Centre Dartmouth,"60 Baker Dr Unit B, Dartmouth, NS B2W 6K1, Canada",(902) 466-5775,http://www.oregansgreenlightusedcars.com/,,4.5 (263 reviews)
Automotive / RV,"Car Dealership in Halifax, Nova Scotia",Vehicle Approval Centre,"110 Chain Lake Dr #3B, Halifax, NS B3S 1A9, Canada",(902) 901-2105,https://vehicleapprovalcentre.com/?utm_source=google_business,,4.5 (395 reviews)
Automotive / RV,"Car Dealership in Halifax, Nova Scotia",O'Regan's Toyota Halifax,"3575 Kempt Rd, Halifax, NS B3K 4X6, Canada",(902) 453-2331,http://halifax.oreganstoyota.com/,,4.5 (1066 reviews)
Automotive / RV,"Car Dealership in Halifax, Nova Scotia",Colonial Honda,"2657 Robie St, Halifax, NS B3K 1R4, Canada",(902) 453-1940,http://www.colonialhonda.ca/,nom@exemple.com,4.1 (1321 reviews)
Automotive / RV,"Car Dealership in Halifax, Nova Scotia",Steele Chevrolet Buick GMC Cadillac,"636 Portland St, Woodlawn, NS B2Y 3Z5, Canada",(902) 434-4100,http://www.steelechev.com/?utm_source=GBP&utm_medium=click&utm_campaign=gbp_seo&utm_id=gbp+seo,,4.3 (1057 reviews)
Automotive / RV,"Car Dealership in Halifax, Nova Scotia",Steele Mitsubishi,"3681 Kempt Rd, Halifax, NS B3K 4X6, Canada",(902) 405-1177,http://www.steelemitsubishi.com/?utm_source=google_lso_trader&utm_medium=organic&utm_campaign=home,nom@exemple.com,4.3 (697 reviews)
Automotive / RV,"Car Dealership in Halifax, Nova Scotia",O'Regan's Wholesale Direct Dartmouth,"463 Windmill Rd, Dartmouth, NS B3A 1K1, Canada",(902) 406-7175,http://www.oreganswholesaledirectdartmouth.com/,,4.7 (160 reviews)
Automotive / RV,"Car Dealership in Halifax, Nova Scotia",Colonial Used Cars,"5809 North St, Halifax, NS B3K 1N6, Canada",(888) 786-2621,https://www.colonialhonda.ca/vehicles/used/,,3.7 (3 reviews)
Automotive / RV,"Car Dealership in Halifax, Nova Scotia",Cars R Us,"183 Sackville Dr, Lower Sackville, NS B4C 2R5, Canada",(902) 864-1109,https://www.carsrus.ns.ca/?utm_source=gmb&utm_medium=organic&utm_campaign=Local_SEO&utm_id=Local+SEO,,4.4 (307 reviews)
Automotive / RV,"Car Dealership in Halifax, Nova Scotia",Steele Hyundai Halifax,"3625 Kempt Rd, Halifax, NS B3K 4X6, Canada",(902) 700-5898,https://www.steelehyundai.com/?utm_source=google_lso_trader&utm_medium=organic&utm_campaign=home,jane@gmail.com,4.3 (1447 reviews)
Automotive / RV,"Car Dealership in Halifax, Nova Scotia",Buy Metro Pre-owned,"224 Wyse Rd, Dartmouth, NS B3A 1M9, Canada",(902) 466-0086,https://www.buymetropreowned.ca/,,4.3 (462 reviews)
Automotive / RV,"Car Dealership in Halifax, Nova Scotia",O'Regan's Nissan Halifax,"3461 Kempt Rd, Halifax, NS B3K 5T7, Canada",(902) 453-2020,http://www.oregansnissanhalifax.com/,,4.3 (361 reviews)
Automotive / RV,"Car Dealership in Halifax, Nova Scotia",Cars R Us Clearance Centre,"476 Sackville Dr, Lower Sackville, NS B4C 2R8, Canada",(902) 252-3888,https://www.carsrus.ns.ca/clearance/search.html,,4.7 (61 reviews)
Automotive / RV,"Car Dealership in Charlottetown, PEI",Hillside Chevrolet Buick GMC,"113 St Peters Rd, Charlottetown, PE C1A 5P1, Canada",(902) 368-2438,https://www.hillsidechevrolet.com/?utm_source=google&utm_medium=organic&utm_campaign=googlemybusiness,,4.5 (936 reviews)
Automotive / RV,"Car Dealership in Charlottetown, PEI",Charlottetown Toyota,"1 Superior Crescent, Charlottetown, PE C1A 7L3, Canada",(902) 368-3330,http://www.charlottetowntoyota.ca/,3af74c00e86c4c828216e2111e0a86d1@sentry.io,4.2 (288 reviews)
Automotive / RV,"Car Dealership in Charlottetown, PEI",Reliable Motors Ltd.,"14 John Yeo Dr, Charlottetown, PE C1E 3H6, Canada",(902) 566-4409,http://www.reliablemotors.ca/?utm_source=google_lso_trader&utm_medium=organic&utm_campaign=home,jane@gmail.com,4.4 (332 reviews)
Automotive / RV,"Car Dealership in Charlottetown, PEI",The Affordable Car Company,"449 Mt Edward Rd, Charlottetown, PE C1E 2A1, Canada",(902) 368-2886,http://www.theaffordablecarcompany.com/,,4.6 (48 reviews)
Automotive / RV,"Car Dealership in Charlottetown, PEI",Experience Hyundai,"15 Mt Edward Rd, Charlottetown, PE C1A 5R7, Canada",(902) 569-2277,http://www.experiencehyundai.com/,jane@gmail.com,4.2 (396 reviews)
Automotive / RV,"Car Dealership in Charlottetown, PEI",Centennial Nissan of Charlottetown,"30 Nicholas Ln, Charlottetown, PE C1E 1W7, Canada",(902) 892-6577,https://www.centennialnissanofcharlottetown.com/en,,4.8 (640 reviews)
Automotive / RV,"Car Dealership in Charlottetown, PEI",Island Auto Sales,"194 Sherwood Rd, Charlottetown, PE C1E 3J3, Canada",(902) 620-6209,http://islandautosalesinc.com/,islandautosales@mail.com,4.5 (26 reviews)
Automotive / RV,"Car Dealership in Charlottetown, PEI",Apex Auto,"1 MacNeill Ave, Charlottetown, PE C1E 3A7, Canada",(902) 367-2886,http://www.apexautogroup.ca/,,5 (123 reviews)
Automotive / RV,"Car Dealership in Charlottetown, PEI",Capital Honda,"40 Lower Malpeque Rd, Charlottetown, PE C1E 1R3, Canada",(902) 566-1101,http://www.capitalhonda.com/,3af74c00e86c4c828216e2111e0a86d1@sentry.io,4.2 (233 reviews)
Automotive / RV,"Car Dealership in Charlottetown, PEI",Fair Isle Ford Lincoln,"116 St Peters Rd, Charlottetown, PE C1A 5P4, Canada",(902) 368-3673,http://www.fairisleford.com/?utm_source=google&utm_medium=organic&utm_campaign=googlemybusiness&utm_id=Local+SEO,,4.6 (426 reviews)
Automotive / RV,"Car Dealership in Charlottetown, PEI",Discover KIA,"78 Allen St, Charlottetown, PE C1A 8C4, Canada",(902) 894-4069,http://www.discoverkia.com/,,4.4 (375 reviews)
Automotive / RV,"Car Dealership in Charlottetown, PEI",Brown's Volkswagen,"190 Sherwood Rd, Charlottetown, PE C1E 3J3, Canada",(902) 892-5381,http://brownsvw.autos/go,,4.6 (703 reviews)
Automotive / RV,"Car Dealership in Charlottetown, PEI",Charlottetown Mitsubishi,"451 Mt Edward Rd, Charlottetown, PE C1E 2A1, Canada",(902) 367-7676,https://www.charlottetownmitsubishi.ca/?utm_source=google_lso_trader&utm_medium=organic&utm_campaign=home,jane@gmail.com,4.4 (93 reviews)
Automotive / RV,"Car Dealership in Charlottetown, PEI",Phillips Auto Sales,"253 Sherwood Rd, Charlottetown, PE C1E 0E5, Canada",(902) 566-1811,http://www.phillipssuzuki.com/,jason@phillipsautosales.ca,4.5 (46 reviews)
Automotive / RV,"Car Dealership in Charlottetown, PEI",Centennial Mazda,"402 Mt Edward Rd, Charlottetown, PE C1A 7L3, Canada",(902) 894-8593,https://www.centennialmazda.ca/en?y_source=1_MTY1OTczMjItNzE1LWxvY2F0aW9uLndlYnNpdGU=,,4.8 (613 reviews)
Automotive / RV,"Car Dealership in Charlottetown, PEI",Subaru of Charlottetown,"13 Mt Edward Rd, Charlottetown, PE C1A 5R7, Canada",(902) 367-7800,http://www.subaruofcharlottetown.com/,jane@gmail.com,4.5 (160 reviews)
Automotive / RV,"Car Dealership in Charlottetown, PEI",Atlantis Motor Group,"25 4 St Suite 500, Charlottetown, PE C1E 2B4, Canada",(877) 208-9762,https://www.atlantismotorgroup.ca/,,5 (3 reviews)
Automotive / RV,"Car Dealership in Charlottetown, PEI",Centennial Auto Sport & Tire,"251 Sherwood Rd, Charlottetown, PE C1E 0E5, Canada",(902) 892-2453,http://www.centennialast.com/?y_source=1_MTY1OTczMTctNzE1LWxvY2F0aW9uLndlYnNpdGU%3D,sales@centennialast.com,4.5 (230 reviews)
Automotive / RV,"Car Dealership in Charlottetown, PEI",Centennial Certified of Charlottetown,"251 Sherwood Rd, Charlottetown, PE C1E 0E5, Canada",(902) 892-2453,https://www.centennialcertified.com/?y_source=1_MTY1OTczMTgtNzE1LWxvY2F0aW9uLndlYnNpdGU%3D,,2 (6 reviews)
Automotive / RV,"Car Dealership in Charlottetown, PEI",Princess Auto,"15 Saint Dunstan Street, Charlottetown, PE C1A 0G4, Canada",(902) 629-8020,http://www.princessauto.com/en/store?storeId=44,,4.5 (233 reviews)
Automotive / RV,"Used Car Dealership in Moncton, NB",MacDonald Autosource,"115 Baig Blvd, Moncton, NB E1E 1C9, Canada",(506) 853-1650,https://macdonaldautosource.com/,craig.killen@macdonaldbuickgmc.com,5 (15 reviews)
Automotive / RV,"Used Car Dealership in Moncton, NB",DeWare's Auto Sales,"402 Elmwood Dr, Moncton, NB E1A 1X9, Canada",(506) 383-4370,http://www.dewaresauto.com/,nom@exemple.com,4.8 (17 reviews)
Automotive / RV,"Used Car Dealership in Moncton, NB",Acadia Toyota,"22 Baig Blvd, Moncton, NB E1E 1C8, Canada",(506) 857-8611,https://www.acadiatoyota.com/?utm_source=google&utm_medium=organic&utm_campaign=GMB&utm_term=GoogleLocalTraffic,,4 (568 reviews)
Automotive / RV,"Used Car Dealership in Moncton, NB",KiviMotors,"1947 Main St, Moncton, NB E1E 1H9, Canada",(506) 588-7195,http://kivimotors.ca/,kivimotorsnb@gmail.com,5 (54 reviews)
Automotive / RV,"Used Car Dealership in Halifax, NS",Auction Direct,"115 Sackville Dr, Lower Sackville, NS B4C 2R3, Canada",(902) 252-1115,https://www.halifaxauctiondirect.ca/,,4.7 (558 reviews)
Automotive / RV,"Used Car Dealership in Halifax, NS",Super Dave's Auto Sales,"1015 Main St, Westphal, NS B2W 4W2, Canada",(902) 702-0027,https://www.superdavesautosales.ca/,your@email.com,4.8 (626 reviews)
Automotive / RV,"Used Car Dealership in Halifax, NS",ReCar Halifax,"350 Sackville Dr, Lower Sackville, NS B4C 2R6, Canada",(902) 700-1225,https://www.recar.ca/?utm_source=google&utm_medium=organic&utm_campaign=halifax-gmb,,4.7 (186 reviews)
Automotive / RV,"Used Car Dealership in Halifax, NS",Premium Auto Sales,"308 Windmill Rd, Dartmouth, NS B3A 1H2, Canada",(902) 466-2277,https://www.premiumautosales.ca/,,4.5 (191 reviews)
Automotive / RV,"Used Car Dealership in Halifax, NS",902 Auto Sales,"1 Wright Ave, Dartmouth, NS B3B 1G5, Canada",(902) 406-6224,https://902autosales.com/,,4.1 (186 reviews)
Automotive / RV,"Used Car Dealership in Halifax, NS",Race Auto Group | Used Car Dealer Lower Sackville,"209 Cobequid Rd, Lower Sackville, NS B4C 3P3, Canada",(902) 830-7223,https://raceautogroup.com/sackville/?utm_source=GMB&utm_medium=organic&utm_campaign=local&utm_content=sackville,,4.7 (896 reviews)
Automotive / RV,"Used Car Dealership in Halifax, NS",Bryden Financing & Auto Sales,"257 Sackville Dr, Lower Sackville, NS B4C 2R5, Canada",(902) 865-4495,http://www.brydenfinancing.com/,,4.4 (175 reviews)
Automotive / RV,"Used Car Dealership in Halifax, NS",Kass Auto,"151 Leslie Rd, East Lawrencetown, NS B2Z 1P1, Canada",(902) 292-9403,https://kassauto.ca/,greg@kassauto.ca,4.9 (265 reviews)
Automotive / RV,"Used Car Dealership in Halifax, NS",Dynamic Motors,"1100 Sackville Dr, Middle Sackville, NS B4E 3C8, Canada",(902) 252-1100,http://www.dynamic-motors.ca/,,4.9 (114 reviews)
Automotive / RV,RV Dealer in New Brunswick,Leisure Time Sales Ltd.,"8 Leisure Dr, Quispamsis, NB E2E 0T1, Canada",(888) 388-7878,http://www.leisuretimesales.com/,,4.3 (131 reviews)
Automotive / RV,RV Dealer in New Brunswick,Fredericton RV World,"15 Chaparral Rd, Waasis, NB E3B 9Z4, Canada",(506) 446-3799,http://www.rvworld.ca/,,4.3 (130 reviews)
Automotive / RV,RV Dealer in New Brunswick,Country Campers Sales Ltd,"6911 rte 134, McIntosh Hill, NB E4S 0C5, Canada",(506) 743-8487,https://www.countrycamperssales.com/?utm_source=GMB&utm_medium=Google_My_Business&utm_campaign=Google_My_Business&utm_id=GMB,,4.2 (47 reviews)
Automotive / RV,RV Dealer in New Brunswick,Doug's Recreation,"116 Cougle Rd, Sussex Corner, NB E4E 2S6, Canada",(506) 433-4222,https://www.dougsrecreation.net/?utm_source=gmb&utm_medium=gmb&utm_campaign=googlemb&utm_id=Doug%27s+Recreation&utm_content=gmb,,4.6 (125 reviews)
Automotive / RV,RV Dealer in New Brunswick,Pine-Acres-RV,"25 Phaeton Dr, Hampton, NB E5N 0K1, Canada",(506) 832-5751,https://www.pineacresrv.com/,,4.6 (66 reviews)
Automotive / RV,RV Dealer in New Brunswick,CRC-RV Salisbury,"46713 Homestead Rd, Steeves Mountain, NB E4J 3B9, Canada",(506) 372-4588,https://www.crcrvsalisbury.ca/?utm_source=gmb&utm_medium=gmb&utm_campaign=googlemb&utm_id=CRC+RV+Salisbury&utm_content=gmb,crcrvcontacts@services.interactrv.com,4.6 (112 reviews)
Automotive / RV,RV Dealer in New Brunswick,Sackville RV,"6 Cattail Ridge, Sackville, NB E4L 3S1, Canada",(506) 364-0006,https://www.sackvillerv.com/?utm_source=gmb&utm_medium=gmb&utm_campaign=googlemb&utm_id=Sackville+RV&utm_content=gmb,matt@sackvillerv.ca,4.6 (115 reviews)
Automotive / RV,RV Dealer in New Brunswick,Lyle Bongard's RV Sales,"2984 Woodstock Rd, Fredericton, NB E3C 1P9, Canada",(506) 450-6080,https://www.bongardsrv.ca/,,4.5 (200 reviews)
Automotive / RV,RV Dealer in New Brunswick,Pine Acres RV Ltd Moncton,"80 Commerce St, Moncton, NB E1H 0A5, Canada",(506) 388-5751,http://pineacresrv.com/,,4.1 (135 reviews)
Automotive / RV,RV Dealer in New Brunswick,Leisure Time Sales - Moncton,"200 Price St, Moncton, NB E1A 3R2, Canada",(888) 861-0993,http://www.leisuretimesales.ca/,,4.5 (138 reviews)
Automotive / RV,RV Dealer in New Brunswick,Leisure Days RV Center Moncton,"34 Silver Fox Dr, Salisbury, NB E4J 3E2, Canada",(506) 372-5536,https://www.leisuredaysmoncton.ca/?utm_source=gmb&utm_medium=gmb&utm_campaign=googlemb&utm_id=Leisure+Days+Moncton&utm_content=gmb,cdery@leisuredaysrv.ca,4.1 (119 reviews)
Automotive / RV,RV Dealer in New Brunswick,Leisure Days RV Centre Truro,"45 Treaty Trail, Millbrook, NS B6L 1W3, Canada",(902) 893-2619,https://www.leisuredaystruro.ca/?utm_source=gmb&utm_medium=gmb&utm_campaign=googlemb&utm_id=Leisure+Days+Truro&utm_content=gmb,,4.7 (192 reviews)
Automotive / RV,RV Dealer in New Brunswick,Patterson Sales Fredericton,"921 Alison Blvd, Fredericton, NB E3C 0E5, Canada",(506) 454-3535,https://www.ljpattersonsales.com/,,4.2 (115 reviews)
Automotive / RV,RV Dealer in New Brunswick,RV Consignment Services,"2428 Lincoln Rd, Lincoln, NB E3B 8N6, Canada",(506) 260-2666,http://www.rvconsignmentservices.ca/,,4.1 (52 reviews)
Automotive / RV,RV Dealer in New Brunswick,EastSide Auto & RV,"2886 Miramichi Ave, Bathurst, NB E2A 3Z3, Canada",(506) 549-4358,http://eastsideautorv.com/,,4.8 (10 reviews)
Automotive / RV,RV Dealer in New Brunswick,Patterson Sales and Service,"85 Chief Noah Augustine Dr, Moncton, NB E1A 9Z3, Canada",(506) 383-4202,https://www.ljpattersonsales.com/,,3.7 (62 reviews)
Automotive / RV,RV Dealer in New Brunswick,Roulottes Acadie Trailers Inc,"1293 Rue Principale, Beresford, NB E8K 1A1, Canada",(506) 544-1161,http://www.acadietrailers.com/,joshua.19duguay19@gmail.com,4.7 (33 reviews)
Automotive / RV,RV Dealer in New Brunswick,CRC RV Super Centres,"231 Truro Heights Rd, Truro Heights, NS B6L 1X2, Canada",(902) 893-1152,https://www.crcrvtruro.ca/?utm_source=gmb&utm_medium=gmb&utm_campaign=googlemb&utm_id=CRC+RV+Truro&utm_content=gmb,crcrvcontacts@services.interactrv.com,4.5 (88 reviews)
Automotive / RV,RV Dealer in New Brunswick,LJ Patterson Sales & Service,"766 N Napan Rd, Napan, NB E1N 4W7, Canada",(506) 778-8319,http://www.ljpattersonsales.com/,,4.2 (156 reviews)
Automotive / RV,RV Dealer in New Brunswick,Pine Acres RV (Stewiacke) Limited,"16 Garden Gate Ln, Stewiacke, NS B0N 2J0, Canada",(902) 639-1509,http://pineacresrv.com/,,4.3 (134 reviews)
Automotive / RV,RV Dealer in Nova Scotia,Bluenose RV Centre,"277 Harold Whynot Rd, Pine Grove, NS B4V 7Y7, Canada",(902) 543-2519,http://www.bluenoserv.com/,,4.2 (142 reviews)
Automotive / RV,RV Dealer in Nova Scotia,Young's RV,"163 Cook's Ln, Bridgewater, NS B4V 7Y7, Canada",(902) 530-1000,http://youngsrv.ca/,sales@youngsrv.ca,4.9 (160 reviews)
Automotive / RV,RV Dealer in Nova Scotia,Fraserway RV Halifax (Bedford),"726 Rocky Lake Dr, Bedford, NS B4A 2T7, Canada",(902) 835-8377,https://www.fraserway.com/,sales.webleads@fraserway.com,4 (344 reviews)
Automotive / RV,RV Dealer in Nova Scotia,Stone's RV,"2689 Westville Rd, New Glasgow, NS NS B2H 5E7, Canada",(902) 752-3164,https://stonesrv.com/?utm_source=google&utm_medium=organic&utm_campaign=google_my_business&utm_content=website_button,,4.4 (113 reviews)
Automotive / RV,RV Dealer in Nova Scotia,Jerry's R V Trailer Sales,"9384 Commercial St, New Minas, NS B4N 3E9, Canada",(902) 681-9501,http://www.jerrysrv.com/,,4.5 (141 reviews)
Automotive / RV,RV Dealer in Nova Scotia,Cape Breton Trailer Sales Ltd,"5 Alder Point Rd, Bras D'or, NS B1Y 2K2, Canada",(902) 544-0157,https://capebretontrailersales.com/?utm_source=GoogleMyBusiness&utm_medium=gmb&utm_campaign=capebretontrailers&utm_id=CapeBretonTrailers,,4.7 (74 reviews)
Automotive / RV,RV Dealer in Nova Scotia,Parsons RV Centre,"56 Brooklyn Rd, Middleton, NS B0S 1P0, Canada",(902) 363-3455,http://www.parsonsmotors.ca/,eddie@parsonsmotors.ca,4.6 (44 reviews)
Automotive / RV,RV Dealer in Nova Scotia,Stone's RV Sydney,"2400 Kings Rd, Sydney, NS B1L 1C1, Canada",(902) 564-9095,https://stonesrv.com/?utm_source=google&utm_medium=organic&utm_campaign=google_my_business&utm_content=website_button,,4.5 (40 reviews)
Automotive / RV,RV Dealer in Nova Scotia,CanaDream RV Rentals & Sales Halifax,"196 Park Rd, Elmsdale, NS B2S 0G2, Canada",(800) 347-7126,http://www.canadream.com/,canadreamclub@canadream.com,4.7 (135 reviews)
Automotive / RV,RV Dealer in Nova Scotia,Adventure Motors Marine & RV,"238 Archimedes St, New Glasgow, NS B2H 2T9, Canada",(902) 928-1015,http://adventuremotors.com/,,4.1 (221 reviews)
Automotive / RV,RV Dealer in Nova Scotia,Bayside R V Centre,"203 Hardscratch Rd, Brooklyn, NS B5A 5H8, Canada",(902) 742-1916,,,4.1 (42 reviews)
Automotive / RV,RV Dealer in Prince Edward Island,Pine Acres RV Limited,"24965 PE-2, Kensington, PE C0B 1M0, Canada",(902) 836-5040,https://www.pineacresrv.com/indexk.php,,4.5 (63 reviews)
Automotive / RV,RV Dealer in Prince Edward Island,PEI RV Centre,"86 Kensington Rd, Charlottetown, PE C1A 5J4, Canada",(902) 566-1440,https://www.hamblys.ca/,,4 (79 reviews)
Automotive / RV,RV Dealer in Prince Edward Island,Toy Master Motor Sports,"5 Campbell Rd, Winsloe, PE C1E 1Z2, Canada",(902) 894-5287,http://www.toymaster.ca/,sales@toymaster.ca,4.5 (86 reviews)
Automotive / RV,RV Dealer in Prince Edward Island,Traveller's Rest Mini Homes & RV Centre,"1564 Blue Shank Rd, Kensington, PE C0B 1M0, Canada",(902) 836-3577,https://www.trmh.com/rvsales.php,info@trmh.com,4.3 (23 reviews)
Automotive / RV,RV Dealer in Prince Edward Island,Centennial RV,"616 South Dr, Summerside, PE C1N 3Z7, Canada",(902) 436-1022,https://www.facebook.com/centennialrvsales?y_source=1_MTY1OTczMzEtNzE1LWxvY2F0aW9uLndlYnNpdGU%3D,,N/A (0 reviews)
Automotive / RV,ATV Dealer in New Brunswick,Extreme Torque Motorsports Hanwell,"133 Greenview Dr, Hanwell, NB E3C 0E4, Canada",(506) 452-2777,https://www.torquemotorsports.ca/en/service/,,4.3 (94 reviews)
Automotive / RV,ATV Dealer in New Brunswick,MacLean Sports Ltd,"311 St Marys St, Fredericton, NB E3A 2S5, Canada",(506) 450-6090,http://www.macleanssports.com/,,4.5 (418 reviews)
Automotive / RV,ATV Dealer in New Brunswick,Rallye Motoplex & Marine,"950 Champlain St, Dieppe, NB E1A 8A7, Canada",(800) 572-5593,https://www.rallyemotoplex.ca/,htorres@rallyemotors.ca,4 (1411 reviews)
Automotive / RV,ATV Dealer in New Brunswick,Down East Powersports,"1230 Fairville Blvd, Saint John, NB E2M 5T7, Canada",(506) 635-1223,http://www.downeastpowersports.ca/,bill.coulombe@downeastpowersports.ca,4.3 (225 reviews)
Automotive / RV,ATV Dealer in New Brunswick,The Power Store,"1160 Loch Lomond Rd, Saint John, NB E2J 1Z6, Canada",(506) 657-7669,http://www.thepowerstoresj.com/?utm_source=google&utm_medium=organic&utm_campaign=GMB-service,,4.9 (165 reviews)
Automotive / RV,ATV Dealer in New Brunswick,Levesque Recreation,"937 Hillcrest Rd, Saint John, NB E2N 2B7, Canada",(506) 633-5950,http://www.levesquerecreation.com/,,4.8 (81 reviews)
Automotive / RV,ATV Dealer in New Brunswick,Toys For Big Boys,"633 Salisbury Rd, Moncton, NB E1E 1B9, Canada",(506) 858-8088,http://www.toysforbigboys.ca/,info@toysforbigboys.ca,4.4 (530 reviews)
Automotive / RV,ATV Dealer in New Brunswick,"Jim Gilbert's PowerSports, Kawasaki Dealer","Jim Gilberts PowerSports, 402 St Marys St #2, Fredericton, NB E3A 8H5, Canada",(506) 459-6831,https://powersports.wheelsanddeals.ca/,drivehappy@wheelsanddeals.ca,4.7 (166 reviews)
Automotive / RV,ATV Dealer in New Brunswick,Davesports,"127 Everett St, Woodstock, NB E7M 3R1, Canada",(506) 328-9306,https://www.davesports.ca/en/?utm_source=google&utm_medium=organic&utm_campaign=google_business_profile,,4.4 (126 reviews)
Automotive / RV,ATV Dealer in New Brunswick,Extreme Torque Motorsports,"55 Desbrisay Ave, Moncton, NB E1E 0G8, Canada",(506) 857-8815,https://www.torquemotorsports.ca/en/service/,,4.2 (126 reviews)
Automotive / RV,ATV Dealer in New Brunswick,G Bourque Ltd,"1200 Champlain St, Dieppe, NB E1A 1R1, Canada",(506) 383-4585,http://www.gbourque.com/,,4.5 (276 reviews)
Automotive / RV,ATV Dealer in New Brunswick,Hawkins Equipment Ltd.,"389 St Marys St, Fredericton, NB E3A 2S5, Canada",(506) 458-8640,http://www.hawkinsequipmentltd.com/,,4.3 (111 reviews)
Automotive / RV,ATV Dealer in New Brunswick,Extreme Torque Motorsports,"80 Sawyer Rd, Jacksonville, NB E7M 3B7, Canada",(506) 594-2200,https://www.torquemotorsports.ca/en/service/,,4.5 (39 reviews)
Automotive / RV,ATV Dealer in New Brunswick,Brunswick Power Sport Inc,"662 Rue Principale, Beresford, NB E8K 2Y1, Canada",(506) 542-1605,https://www.brunswickpowersports.com/fr,,4.7 (86 reviews)
Automotive / RV,ATV Dealer in New Brunswick,OUT FER’ A RIP POWER SPORTS,"30 Cargo Rd, Quispamsis, NB E2G 0K9, Canada",(506) 254-6145,http://outferarip.com/,out.fer.a.rip@outok.com,5 (11 reviews)
Automotive / RV,ATV Dealer in New Brunswick,Yard Gear,"9 Greenview Dr, Hanwell, NB E3C 2B2, Canada",(506) 472-7772,http://www.yardgear.ca/,example@mysite.com,4.4 (312 reviews)
Automotive / RV,ATV Dealer in New Brunswick,JT All Season Motorsports,"2300 King George Hwy, Miramichi, NB E1V 6S1, Canada",(506) 778-8497,http://jtmotorsports.ca/?utm_source=google&utm_medium=organic&utm_campaign=GMB-service,,4.6 (44 reviews)
Automotive / RV,ATV Dealer in New Brunswick,Eric's Motor Sports,"273 Restigouche Rd, Oromocto, NB E2V 2G9, Canada",(506) 357-3686,,,4.1 (75 reviews)
Automotive / RV,"Motorcycle Dealership in Halifax, NS",Rallye Motoplex NS,"122 Chain Lake Dr, Beechville, NS B3N 3B4, Canada",(800) 572-5593,https://www.rallyemotoplex.ca/,htorres@rallyemotors.ca,4.1 (513 reviews)
Automotive / RV,"Motorcycle Dealership in Halifax, NS",Pro Cycle,"360 Higney Ave, Dartmouth, NS B3B 0L4, Canada",(902) 468-2518,https://www.procycleonline.com/,info@procycleonline.com,4.2 (691 reviews)
Automotive / RV,"Motorcycle Dealership in Halifax, NS",APD Motorsports Ltd,"12282 Peggys Cove Rd, Glen Haven, NS B3Z 2R6, Canada",(902) 821-2327,https://apdmotorsports.ca/,,4.8 (126 reviews)
Automotive / RV,"Motorcycle Dealership in Halifax, NS",HFX Motorsports,"818 Prospect Rd, Goodwood, NS B3T 1P3, Canada",(902) 442-4046,https://hfxmotorsports.com/,sales@halifaxmotorsports.com,4.6 (237 reviews)
Automotive / RV,"Motorcycle Dealership in Halifax, NS",Full Throttle Power Sports,"399 Cutler Ave, Dartmouth, NS B3B 0J5, Canada",(902) 435-0307,http://www.fullthrottlepowersports.net/?utm_source=google&utm_medium=organic&utm_campaign=GMB-service,info@ftpowersports.net,4.1 (202 reviews)
Automotive / RV,"Motorcycle Dealership in Halifax, NS",Shore Cycle & Marine,"7940 Nova Scotia Trunk 3, Mahone Bay, NS B0J 2E0, Canada",(902) 627-2706,https://www.shorecyclemarine.com/,,4.6 (176 reviews)
Automotive / RV,"Motorcycle Dealership in Halifax, NS",Triumph Halifax,"12282 Peggys Cove Rd, Glen Haven, NS B3Z 2R6, Canada",(902) 821-2327,https://apdmotorsports.ca/triumph-motorcycles-for-sale/,,4.6 (12 reviews)
Automotive / RV,"Motorcycle Dealership in Halifax, NS",Liberty CC,"1 Ralston Ave, Dartmouth, NS B3B 1H5, Canada",(902) 701-7800,https://libertycc.ca/,,4.6 (137 reviews)
Automotive / RV,"Motorcycle Dealership in Halifax, NS",Steele Recreation,"15024 Hwy #3, Hebbville, NS B4V 9G9, Canada",(902) 527-5900,https://steelerecreation.com/,,4.6 (265 reviews)
Automotive / RV,"Motorcycle Dealership in Halifax, NS",RPM Cycle,"168 Main St, Dartmouth, NS B2W 1P3, Canada",(902) 434-8516,http://www.rpmcycle.ca/,,4.5 (236 reviews)
Automotive / RV,"Motorcycle Dealership in Halifax, NS",Privateers Harley-Davidson,"74 Hobsons Lake Dr, Halifax, NS B3T 0M4, Canada",(902) 444-4647,https://privateersharleydavidson.com/?utm_source=google&utm_medium=organic&utm_campaign=gmb,,4.6 (506 reviews)
Automotive / RV,"Motorcycle Dealership in Halifax, NS",Autolane & Cycle,"25 Cobequid Rd, Lower Sackville, NS B4C 2M9, Canada",(902) 865-3883,http://www.autolaneandcycle.com/,,4.7 (132 reviews)
Automotive / RV,"Motorcycle Dealership in Halifax, NS",Affordable Motorsports,"474 Windmill Rd, Dartmouth, NS B3B 1K3, Canada",(902) 440-2645,http://www.affordablemotorsports.ca/,,4.7 (35 reviews)
Automotive / RV,"Motorcycle Dealership in Halifax, NS",Central Motorsports,"16 Lower Truro Rd, Lower Truro, NS B6L 1L9, Canada",(902) 895-8209,http://www.centralmotorsports.ca/,,4.3 (63 reviews)
Automotive / RV,"Motorcycle Dealership in Halifax, NS",The Shack,"70 Juniper St, Truro, NS B2N 5Z8, Canada",(902) 843-4800,http://www.theshacktruro.com/,,4.3 (117 reviews)
Automotive / RV,"Motorcycle Dealership in Halifax, NS",Valley Yamaha - Suzuki,"1199 Parkway Dr, Port Williams, NS B0P 1T0, Canada",(902) 542-7678,https://www.valleyyamaha-suzuki.com/home,,3.7 (156 reviews)
Automotive / RV,"Motorcycle Dealership in Halifax, NS",Roy Duguay Sales Ltd.,"409 NS-6, Amherst, NS B4H 3Y2, Canada",(902) 667-8066,https://www.royduguaysales.ca/,,4.7 (135 reviews)
Automotive / RV,"Motorcycle Dealership in Halifax, NS",B.A.D. Dog Cycles,"1823 St Margarets Bay Rd, Timberlea, NS B3T 1B8, Canada",(902) 406-0098,https://ridewithbaddog.com/,,4.8 (35 reviews)
Automotive / RV,"Motorcycle Dealership in Halifax, NS",GW SAMPSON Co. Ltd.,"1488 Park Rd, Kingston, NS B0P 1R0, Canada",(902) 765-3357,http://gwsampson.com/,,3.9 (107 reviews)
Automotive / RV,"Truck Dealership in Moncton, NB",Lounsbury Truck Centre,"725 St George Blvd, Moncton, NB E1C 9P2, Canada",(506) 857-4345,http://www.lounsburytruck.com/,nom@exemple.com,4.2 (64 reviews)
Automotive / RV,"Truck Dealership in Moncton, NB",East Coast International Trucks Inc.,"100 Urquhart Ave, Moncton, NB E1H 2R5, Canada",(506) 857-2857,http://www.ecitrucks.com/,tania.arsenault@eastcoastint.com,4.1 (91 reviews)
Automotive / RV,"Truck Dealership in Moncton, NB",Bayview Kenworth,"175 Harrisville Blvd, Moncton, NB E1H 3T3, Canada",(506) 862-0953,http://bayviewkenworth.com/,anagle@thebayviewgroup.com,4.3 (83 reviews)
Automotive / RV,"Truck Dealership in Moncton, NB",Peterbilt Atlantic,"565 Venture Dr, Moncton, NB E1H 2P4, Canada",(506) 854-7383,https://www.peterbiltatlantic.com/?utm_source=google&utm_medium=organic&utm_campaign=GMB-Moncton,callen@peterbiltatlantic.com,4.5 (93 reviews)
Automotive / RV,"Truck Dealership in Moncton, NB",Rallye Motors Chevrolet Buick GMC,"113 Main St, Rexton, NB E4W 2G3, Canada",(800) 572-5593,http://www.rallyemotors-gm.ca/,jane@gmail.com,4.7 (186 reviews)
Automotive / RV,"Truck Dealership in Moncton, NB",Universal Truck & Trailer,"925 Champlain St, Dieppe, NB E1A 5T6, Canada",(506) 857-2222,http://www.universaltruckandtrailer.com/,someone@example.com,4.1 (142 reviews)
Automotive / RV,"Truck Dealership in Moncton, NB",Parts for Trucks,"387 Desbrisay Ave, Moncton, NB E1E 0J2, Canada",(506) 858-5950,http://www.partsfortrucks.com/,,4.3 (88 reviews)
Automotive / RV,Auto Group in Atlantic Canada,Atlantic Euro Cars Inc.,"378 Rothesay Ave, Saint John, NB E2J 2C4, Canada",(506) 638-9340,http://www.atlanticeurocars.ca/,info@atlanticeurocars.ca,4.6 (28 reviews)
Automotive / RV,Auto Group in Atlantic Canada,Steele Auto Group,"8 Basinview Dr, Dartmouth, NS B3B 1G4, Canada",(902) 454-3185,https://www.steeleauto.com/,,3.7 (33 reviews)
Automotive / RV,Auto Group in Atlantic Canada,Atlantic Autocars,"Riverside Dr, Fredericton, NB E3A 8C2, Canada",(506) 429-3001,http://www.atlanticautocars.com/,,1.9 (9 reviews)
Automotive / RV,Auto Group in Atlantic Canada,Atlantic Mazda,"665 Ferdinand Blvd, Dieppe, NB E1A 7G1, Canada",(506) 852-8225,https://www.atlanticmazda.ca/,,4.2 (481 reviews)
Automotive / RV,Auto Group in Atlantic Canada,NAPA AUTOPRO - Ultimate Auto Sales,"50 Millennium Dr, Quispamsis, NB E2E 4B1, Canada",(506) 849-6396,https://www.napaautopro.com/en/auto-repair/new-brunswick/quispamsis-ultimate-auto-sales/?utm_source=G&utm_medium=local&utm_campaign=google-local,,4.6 (97 reviews)
Automotive / RV,Auto Group in Atlantic Canada,Atlantic Chrysler Dodge Jeep Ram,"610 Westville Rd, New Glasgow, NS B2H 2J8, Canada",(902) 752-8321,https://www.atlanticdodgechrysler.com/?utm_source=google_lso_trader&utm_medium=organic&utm_campaign=home,,4.1 (123 reviews)
Automotive / RV,Auto Group in Atlantic Canada,Centennial Auto Group,"610 South Dr, Summerside, PE C1N 3Z7, Canada",(902) 918-5489,http://www.centennialautogroup.ca/?y_source=1_MTY1OTczMTYtNzE1LWxvY2F0aW9uLndlYnNpdGU=,,3.3 (9 reviews)
Automotive / RV,Auto Group in Atlantic Canada,Dartmouth Chrysler Jeep Dodge,"61 Athorpe Dr, Dartmouth, NS B2W 2Y2, Canada",(902) 536-2306,https://www.ddodge.com/,,4.2 (1035 reviews)
Automotive / RV,Auto Group in Atlantic Canada,Clare Dodge Chrysler Limited,"3640 Nova Scotia Trunk 1, Weymouth, NS B0W 3T0, Canada",(902) 837-5171,http://www.claredodge.ca/?utm_source=google_lso_trader&utm_medium=organic&utm_campaign=home,,4.6 (61 reviews)
Automotive / RV,Auto Group in Atlantic Canada,JG Financing & Auto Sales,"8 Treaty Trail, Truro, NS B6L 1V9, Canada",(902) 843-5511,http://www.jgauto.ca/,,4.7 (203 reviews)
